field,[2021],[2019],[2018],[2017],[2016],[2015],[2014],[2013],[2012],[2011],[2010],[2009],[2008],[2007],[2006],[2005],[2004],[2003],[2002],[2001],[2020]
. Doanh thu bán hàng và cung cấp dịch vụ__1,470480428072.0,807386083793.0,1285286027946.0,2279610602669.0,3303064677141.0,1726756773442.0,2788619755130.0,3060291088268.0,2822671170307.0,2673686567618.0,1712676918869.0,1346189685101.0,2101446382388.0,1246311221084.0,1196462671902.0,830979006414.0,891534499683.0,494580352031.0,,,
. Các khoản giảm trừ doanh thu__1,2038594348.0,334601970.0,371030196.0,5732416808.0,11694508543.0,7628594356.0,8294701795.0,3888342671.0,31216681357.0,13437742122.0,13265043695.0,11891961809.0,21849533207.0,12577255009.0,5556901664.0,44797121394.0,8133745356.0,3718762700.0,,,
. Doanh thu thuần về bán hàng và cung cấp dịch vụ__1,468441833724.0,807051481823.0,1284914997750.0,2273878185861.0,3291370168598.0,1719128179086.0,2780325053335.0,3056402745597.0,2791454488950.0,2660248825496.0,1699411875174.0,1334297723292.0,2079596849181.0,1233733966075.0,1190905770238.0,786181885020.0,883400754327.0,490861589331.0,,,
. Giá vốn hàng bán__1,436051751691.0,692640328125.0,1314714549561.0,2184448148309.0,3066559694958.0,1552353262393.0,2442577662787.0,2685185106986.0,2442837616671.0,2302305209251.0,1505667822725.0,1228296146320.0,1763028244667.0,1071109628902.0,1047145310353.0,680791075107.0,794109444158.0,417977807957.0,,,
. Lợi nhuận gộp về bán hàng và cung cấp dịch vụ__1,32390082033.0,114411153698.0,-29799551811.0,89430037552.0,224810473640.0,166774916693.0,337747390548.0,371217638611.0,348616872279.0,357943616245.0,193744052449.0,106001576972.0,316568604514.0,162624337173.0,143760459885.0,105390809913.0,89291310169.0,72883781374.0,,,
. Doanh thu hoạt động tài chính__1,745765137.0,1269015405.0,10055210585.0,22286256559.0,25992518449.0,8571402825.0,49566780292.0,16722256349.0,17688114672.0,53669141239.0,75548369146.0,105383771575.0,34705629084.0,9016782446.0,5453138339.0,2905582263.0,3414020211.0,1575631818.0,,,
. Chi phí tài chính__1,38537234839.0,46244471832.0,48131507534.0,71696511928.0,86252459708.0,55173467661.0,54437116020.0,46996997058.0,60714538131.0,106772318804.0,63073199852.0,19276912190.0,70183582572.0,13706879219.0,6900717168.0,7424830600.0,11946316179.0,4834339791.0,,,
- Trong đó: Chi phí lãi vay__1,38452952748.0,44665627345.0,44519329535.0,,60064144042.0,34592957079.0,51915492372.0,44842274730.0,60297954240.0,75206671278.0,48426176234.0,39152469220.0,44335816498.0,9423852016.0,6828739190.0,6992046862.0,11603815287.0,4393249465.0,,,
". Phần lãi lỗ hoặc lỗ trong công ty liên doanh, liên kết__1",,,,,,,,,,,,,,,,,,,,,
. Chi phí bán hàng__1,32915807136.0,42136663469.0,69145303063.0,123042831643.0,138280333477.0,106514972692.0,218806915104.0,243117437856.0,220855405341.0,182141445754.0,144493389416.0,136065027573.0,240739304187.0,97642524375.0,75534261912.0,55889465621.0,49553309257.0,32542425377.0,,,
. Chi phí quản lý doanh nghiệp__1,9013687777.0,276570834325.0,22517921223.0,102795215920.0,21091410084.0,19016940908.0,31193182142.0,59548343690.0,35911845317.0,60739006877.0,13541569426.0,35525998486.0,24863779864.0,18647180017.0,15886836961.0,19017793908.0,11568175463.0,15474948380.0,,,
. Lợi nhuận thuần từ hoạt động kinh doanh__1,-47330882582.0,-249271800523.0,-159539073046.0,-185818265380.0,5178788820.0,-5359061743.0,82876957574.0,38277116356.0,48823198162.0,61959986049.0,48184262901.0,20517410298.0,15487566975.0,41644536008.0,50891782183.0,25964302047.0,19637529481.0,21607699644.0,,,
. Thu nhập khác__1,430059799.0,590113976.0,1255897508.0,192916927.0,579999926.0,5797977508.0,11521525065.0,2718879513.0,2734021669.0,48528467526.0,5625346032.0,3516682598.0,5469266024.0,8677935649.0,1957621173.0,1878804151.0,1310000909.0,740896514.0,,,
. Chi phí khác__1,45457042121.0,6895079304.0,19228194294.0,541647989.0,1393598262.0,280892902.0,4056834373.0,3692681106.0,9490302272.0,33287938489.0,2384876270.0,6018903630.0,4768209693.0,7278054338.0,2179126188.0,2294160828.0,265640372.0,115582517.0,,,
. Lợi nhuận khác__1,-45026982322.0,-6304965328.0,-17972296786.0,-348731062.0,-813598336.0,5517084606.0,7464690692.0,-973801593.0,-6756280603.0,15240529037.0,3240469762.0,-2502221032.0,701056331.0,1399881311.0,-221505015.0,-415356677.0,1044360537.0,625313997.0,,,
. Tổng lợi nhuận kế toán trước thuế__1,-92357864904.0,-255576765851.0,-177511369832.0,-186166996442.0,4365190484.0,158022863.0,90341648266.0,37303314763.0,42066917559.0,77200515086.0,51424732663.0,18015189266.0,12818541962.0,43044417319.0,50670277168.0,25548945370.0,20681890018.0,22233013641.0,,,
. Chi phí thuế TNDN hiện hành__1,,,,,,,12446136435.0,20530606505.0,7650654202.0,17147861314.0,8706496347.0,3570653566.0,1367040341.0,5024267643.0,4054284502.0,3193618170.0,2584348752.0,,,,
. Chi phí thuế TNDN hoãn lại__1,,47893154.0,595978535.0,1162239921.0,1779726387.0,603528467.0,5770935268.0,-4559141649.0,455729178.0,-1856169816.0,533204279.0,,,,,,,,,,
. Lợi nhuận sau thuế thu nhập doanh nghiệp__1,-92357864904.0,-255624659005.0,-178107348367.0,-187329236363.0,2585464097.0,-445505604.0,72124576563.0,21331849907.0,33960534179.0,61908823588.0,42185032037.0,14444535700.0,11451501621.0,38020149676.0,46615992666.0,22355327200.0,18097541266.0,22233013641.0,,,
. Lợi ích của cổ đông thiểu số__1,,,,,,,,,,,,,-914818055.0,,,,,,,,
. Lợi nhuận sau thuế của công ty mẹ__1,-92357864904.0,-255624659005.0,-178107348367.0,-187329236363.0,2585464097.0,-445505604.0,72124576563.0,21331849907.0,33960534179.0,61908823588.0,42185032037.0,14444535700.0,12366319676.0,38020149676.0,46615992666.0,22355327200.0,18097541266.0,22233013641.0,,,
. Lãi cơ bản trên cổ phiếu__1,-3286.0,-9094.0,-6336.0,-6664.0,8278.0,-17.0,2822.0,1383.0,2657.0,4844.0,3281.0,1123.0,962.0,3787.0,8233.0,,,,,,
. Lãi suy giảm trên cổ phiếu__1,,-9094.0,-6336.0,-6664.0,8278.0,-17.0,,,,,,,,,,,,,,,
. Cổ tức__1,,,,,,,,,,,,,,,,,,,,,
. Phần lãi (lỗ thuần) trong công ty liên doanh/liên kết__1,,,,,,,,,,,,,-3370081344.0,,,,,,,,
I - TÀI SẢN NGẮN HẠN__1,199000608591.0,469896633455.0,899073957899.0,1700407685906.0,1905900090288.0,,1813178223948.0,1820461998681.0,1131636712895.0,1199752824358.0,765944077467.0,663860980247.0,641328255405.0,360336588804.0,274879281482.0,150771452849.0,237924532706.0,156372359608.0,,,281288249057.0
. Tiền và các khoản tương đương tiền__1,21159190416.0,10315918601.0,4693780633.0,14703368003.0,27815947456.0,,128928106648.0,235690051034.0,53830403797.0,66098945564.0,47609256275.0,18811729995.0,20105519219.0,13706072850.0,12961401109.0,1789379719.0,919043806.0,1505320034.0,,,2310058540.0
..Tiền__1,21159190416.0,10315918601.0,4693780633.0,14703368003.0,27815947456.0,,68928106648.0,85572722680.0,12287376978.0,25270945564.0,10379176275.0,18811729995.0,10105519219.0,13706072850.0,12961401109.0,1789379719.0,919043806.0,335511733.0,,,2310058540.0
..Các khoản tương đương tiền__1,,,,,,,60000000000.0,150117328354.0,41543026819.0,40828000000.0,37230080000.0,,10000000000.0,,,,,1169808301.0,,,
. Các khoản đầu tư tài chính ngắn hạn__1,,,,11100000000.0,,,8100000000.0,,,,,32902165085.0,30473311418.0,22829594030.0,24521727700.0,3096300600.0,,1000000000.0,,,
.. Chứng khoán kinh doanh__1,,,,,,,,,,,,,,,,,,,,,
.. Dự phòng giảm giá chứng khoán kinh doanh__1,,,,,,,,,,,,,,,,,,,,,
.. Đầu tư nắm giữ đến ngày đáo hạn__1,,,,11100000000.0,,,,,,,,,,,,,,,,,
. Các khoản phải thu ngắn hạn__1,38090364929.0,294507528502.0,717396777336.0,1087344355153.0,1246327203853.0,,785217342271.0,703434662156.0,399596332194.0,609695799620.0,332062964602.0,354883381741.0,310322670423.0,139534016739.0,135820397142.0,88603727849.0,141502767574.0,78952743963.0,,,63069333449.0
..Phải thu khách hàng__1,424430645296.0,462667152326.0,858813815751.0,1199387126703.0,1274118021347.0,,747804121704.0,596381042282.0,355240516416.0,530390449116.0,302551362652.0,348676532576.0,271307678002.0,112782219097.0,100696885363.0,85364461910.0,137734287669.0,78984532614.0,,,449324834139.0
..Trả trước cho người bán__1,1597967461.0,605057769.0,4583041714.0,23763269681.0,18159810021.0,,62062997155.0,155246978733.0,54364103996.0,80627396045.0,18598542911.0,13202417237.0,36575532954.0,26525258176.0,34255619391.0,2451727723.0,847198458.0,1948565413.0,,,1723714570.0
.. Phải thu nội bộ ngắn hạn__1,,,,,,,,,,,,,,,,,,,,,
.. Phải thu theo tiến độ Kế hoạch hợp đồng xây dựng__1,,,,,,,,,,,,,,,,,,,,,
. Phải thu về cho vay ngắn hạn__1,,,,,8100000000.0,,,,,,,,,,,,,,,,
.. Các khoản phải thu khác__1,176418009017.0,180133555722.0,18661586960.0,23820113659.0,23086695347.0,,46614439619.0,12574950087.0,21101541025.0,20253689595.0,11020269098.0,2988162487.0,2439459467.0,226539466.0,1043672737.0,912247682.0,2921281447.0,863007348.0,,,176911863483.0
.. Dự phòng phải thu ngắn hạn khó đòi__1,-564356256845.0,-348898237315.0,-164661667089.0,-159626154890.0,-77137322862.0,,-71264216207.0,-60768308946.0,-31109829243.0,-21575735136.0,-107210059.0,-9983730559.0,,,-175780349.0,-124709466.0,,-2843361412.0,,,-564891078743.0
. Tài sản thiếu chờ xử lý__1,,,,,,,,,,,,,,,,,,,,,
. Hàng tồn kho__1,109063760922.0,123903447421.0,135612285748.0,538458816498.0,591685298557.0,,820516470102.0,848638446101.0,658369953950.0,493096844868.0,368791375766.0,246601378300.0,265348848856.0,176313202085.0,96598812752.0,54364261467.0,66629686609.0,58138313519.0,,,173893676004.0
.. Hàng tồn kho__1,116688775203.0,126834593655.0,136119771115.0,551922187704.0,601817506356.0,,824327582302.0,852274015101.0,658808507950.0,493096844868.0,371793534422.0,249603536956.0,265348848856.0,176313202085.0,102499564560.0,59339552001.0,66629686609.0,58138313519.0,,,179563185445.0
.. Dự phòng giảm giá hàng tồn kho__1,-7625014281.0,-2931146234.0,-507485367.0,-13463371206.0,-10132207799.0,,-3811112200.0,-3635569000.0,-438554000.0,,-3002158656.0,-3002158656.0,,,-5900751808.0,-4975290534.0,,,,,-5669509441.0
. Tài sản ngắn hạn khác__1,30687292324.0,41169738931.0,41371114182.0,48801146252.0,40071640422.0,,70416304927.0,32698839390.0,19840022954.0,30861234306.0,17480480824.0,10662325126.0,15077905489.0,7953703100.0,4976942779.0,2917783214.0,28873034717.0,16775982092.0,,,42015181064.0
.. Chi phí trả trước ngắn hạn__1,1912584676.0,1623933027.0,727487862.0,2503009132.0,3388838836.0,,2601096133.0,2840410572.0,3680459711.0,1727421560.0,1822346363.0,2411070600.0,2827923659.0,2889026062.0,1065501377.0,544567851.0,3473135363.0,,,,2342797545.0
.. Thuế GTGT được khấu trừ__1,22278672324.0,33043175807.0,34128587944.0,39831829712.0,30137498055.0,,48915632855.0,20447187829.0,12112703255.0,25019116681.0,12715773631.0,2478701960.0,3519630024.0,920295180.0,2292539263.0,1617299286.0,,12064540965.0,,,33202347832.0
.. Thuế và các khoản khác phải thu Nhà nước__1,6496035324.0,6502630097.0,6515038376.0,6466307408.0,,,6791131177.0,5692214773.0,305285424.0,123166008.0,1266686956.0,10318441.0,463158868.0,554800856.0,48128108.0,,24181076405.0,,,,6470035687.0
. Giao dịch mua bán lại trái phiếu Chính phủ__1,,,,,6545303531.0,,,,,,,,,,,,,,,,
.. Tài sản ngắn hạn khác__1,,,,,,,12108444762.0,3719026216.0,3741574564.0,3991530057.0,1675673874.0,5762234125.0,8267192938.0,3589581002.0,1570774031.0,755916077.0,1218822949.0,4711441127.0,,,
II - TÀI SẢN DÀI HẠN__1,227102775947.0,290640647360.0,329973043228.0,371703971355.0,548411349779.0,,403028039375.0,430447070482.0,433345341325.0,517183629581.0,588683054297.0,546082578339.0,705898261362.0,483870075113.0,193389943928.0,100861797272.0,87272678405.0,53162250816.0,,,253506082994.0
. Các khoản phải thu dài hạn__1,,1559128470.0,1559128470.0,183000000.0,143833213537.0,,,,,,,,,,,3750000000.0,3750000000.0,,,,
.. Phải thu dài hạn của khách hàng__1,,,,,142925213537.0,,,,,,,,,,,,,,,,
. Trả trước cho người bán dài hạn__1,,,,,,,,,,,,,,,,,,,,,
.. Vốn kinh doanh ở đơn vị trực thuộc__1,,,,,,,,,,,,,,,,,,,,,
.. Phải thu nội bộ dài hạn__1,,,,,,,,,,,,,,,,,,,,,
. Phải thu về cho vay dài hạn__1,,,,,,,,,,,,,,,,,,,,,
.. Phải thu dài hạn khác__1,,1559128470.0,1559128470.0,183000000.0,908000000.0,,,,,,,,,,,3750000000.0,3750000000.0,,,,
.. Dự phòng phải thu khó đòi__1,,,,,,,,,,,,,,,,,,,,,
. Tài sản cố định__1,174269289965.0,224318655819.0,244194964361.0,272536164365.0,301638822017.0,,367156106545.0,411124552072.0,421605872771.0,433991129644.0,491450470323.0,399048880244.0,526614579329.0,321083714288.0,187099564198.0,95558437792.0,83422678405.0,52997250816.0,,,194502736743.0
.. Tài sản cố định hữu hình__1,109447074859.0,156267682013.0,175646274163.0,203489757775.0,234498347746.0,,285126193865.0,312547006997.0,327978978404.0,359892927902.0,414826537724.0,360476285186.0,391056981699.0,194666323113.0,87696965313.0,85987805937.0,80167845998.0,48078236111.0,,,129182805245.0
- Nguyên giá__1,595731549544.0,613522006664.0,605718270482.0,597840112339.0,588313497838.0,,573344582459.0,575041217589.0,563333461499.0,559246253029.0,589039493310.0,496614081890.0,507253075914.0,274097808270.0,151401510072.0,137502505953.0,123875821491.0,82928251345.0,,,620458026323.0
- Giá trị hao mòn luỹ kế__1,-486284474685.0,-457254324651.0,-430071996319.0,-394350354564.0,-353815150092.0,,-288218388594.0,-262494210592.0,-235354483095.0,-199353325127.0,-174212955586.0,-136137796704.0,-116196094215.0,-79431485157.0,-63704544759.0,-51514700016.0,-43707975493.0,-34850015234.0,,,-491275221078.0
.. Tài sản cố định thuê tài chính__1,,,,,,,,,,,,,,,,,,,,,
- Nguyên giá__2,,,,,,,,,,,,,,,,,,,,,
- Giá trị hao mòn luỹ kế__2,,,,,,,,,,,,,,,,,,,,,
.. Tài sản cố định vô hình__1,64822215106.0,68050973806.0,68548690198.0,69046406590.0,67140474271.0,,67143419458.0,67145102422.0,67219195051.0,64132620795.0,73125259271.0,37277944061.0,48619533304.0,35183560652.0,2795510468.0,2827314133.0,2483600788.0,754020029.0,,,65319931498.0
- Nguyên giá__3,67588176453.0,69912589271.0,69912589271.0,69912589271.0,67588245044.0,,67588245044.0,67588245044.0,67746421744.0,64640400824.0,73607400824.0,37734400824.0,49029643859.0,35529204147.0,3105495251.0,3105495251.0,2768169091.0,1033675000.0,,,67803692453.0
- Giá trị hao mòn luỹ kế__3,-2765961347.0,-1861615465.0,-1363899073.0,-866182681.0,-447770773.0,,-444825586.0,-443142622.0,-527226693.0,-507780029.0,-482141553.0,-456456763.0,-410110555.0,-345643495.0,-309984783.0,-278181118.0,-284568303.0,-279654971.0,,,-2483760955.0
. Bất động sản đầu tư__1,,,,,,,,,,,,,,,,,,,,,
- Nguyên giá__4,,,,,,,,,,,,,,,,,,,,,
- Giá trị hao mòn luỹ kế__4,,,,,,,,,,,,,,,,,,,,,
. Tài sản dở dang dài hạn__1,23500000000.0,23581658097.0,34696617255.0,32415668553.0,39644690978.0,,,,,,,,,,,,,,,,24541658097.0
". Chi phí sản xuất, kinh doanh dở dang dài hạn__1",,,,,,,,,,,,,,,,,,,,,
. Chi phí xây dựng cơ bản dở dang__1,23500000000.0,23581658097.0,34696617255.0,32415668553.0,39644690978.0,,,,,,,,,,,,,,,,24541658097.0
. Đầu tư tài chính dài hạn__1,,,,,,,,,,,,,,,,,,,,,
. Đầu tư vào công ty con__1,,,,,,,,,,,,,8160000000.0,20400000000.0,,,,,,,
". Đầu tư vào công ty liên kết, liên doanh__1",,,,,,,,,,,,20400000000.0,45014918655.0,,,,,,,,
. Đầu tư góp vốn vào đơn vị khác__1,212600000.0,212600000.0,212600000.0,212600000.0,212600000.0,,,,,,,,,,,,,,,,212600000.0
. Dự phòng giảm giá đầu tư dài hạn__1,-212600000.0,-212600000.0,-212600000.0,-212600000.0,-212600000.0,,,,,-24450000000.0,-12410000000.0,-739750000.0,-19935200000.0,,,,,,,,-212600000.0
. Đầu tư nắm giữ đến ngày đáo hạn__1,,,,,,,,,,,,,,,,,,,,,
. Tài sản dài hạn khác__1,29333485982.0,41181204974.0,49522333142.0,66569138437.0,63294623247.0,,35659332830.0,19109918410.0,11526868554.0,7642499937.0,9642583974.0,9355698095.0,13968963378.0,12211360825.0,6190379730.0,1453359480.0,,,,,34461688154.0
. Chi phí trả trước dài hạn__1,29333485982.0,41181204974.0,49474439988.0,65925266748.0,61488511637.0,,30969966366.0,3383866678.0,1460108471.0,3767305978.0,7623559831.0,8830698095.0,13443963378.0,7936360825.0,1915379730.0,1453359480.0,,,,,34461688154.0
. Tài sản thuế thu nhập hoãn lại__1,,,47893154.0,643871689.0,1806111610.0,,4189366464.0,9960301732.0,5401160083.0,3375193959.0,1519024143.0,,,,,,,,,,
". Thiết bị, vật tư, phụ tùng thay thế dài hạn__1",,,,,,,,,,,,,,,,,,,,,
. Tài sản dài hạn khác__2,,,,,,,500000000.0,5765750000.0,4665600000.0,500000000.0,500000000.0,525000000.0,525000000.0,4275000000.0,4275000000.0,,,,,,
". Ký quỹ, ký cược dài hạn__1",,,,,,,,,,,,,,,,,,,,,
. Lợi thế thương mại__1,,,,,,,,,,,,,,,,,,,,,
Tổng cộng tài sản__1,426103384538.0,760537280815.0,1229047001127.0,2072111657261.0,2454311440067.0,,2216206263323.0,2250909069163.0,1564982054220.0,1716936453939.0,1354627131764.0,1209943558586.0,1347226516767.0,844206663917.0,468269225410.0,251633250121.0,325197211111.0,209534610424.0,,,534794332051.0
I - NỢ PHẢI TRẢ__1,579355131354.0,592697234653.0,805582295960.0,1470539603727.0,1665410150170.0,,1351699570353.0,1431097187214.0,906210432079.0,1061535112524.0,730983534733.0,582971570602.0,708583475329.0,222465665696.0,167953623248.0,149864904946.0,237199983805.0,135474379779.0,,,595688213963.0
. Nợ ngắn hạn__1,574597353204.0,578765774778.0,787146109660.0,1444424514254.0,1638595187670.0,,1339421676081.0,1417804654634.0,888912409577.0,1041410245599.0,720262248758.0,574738425990.0,661601021096.0,221752155601.0,166537347184.0,138928788903.0,217684773934.0,121878244707.0,,,590093481513.0
.. Phải trả người bán ngắn hạn__1,41218656553.0,46898159112.0,189344970528.0,574204652072.0,752364181767.0,,,,,,,,,,,,,,,,75371684484.0
.. Người mua trả tiền trước ngắn hạn__1,4567126635.0,3621994028.0,20035415470.0,21306992782.0,6292870329.0,,,,,,,,,,,,,,,,4703586308.0
..Thuế và các khoản phải nộp Nhà nước__1,3012568092.0,117818472.0,96003717.0,451801638.0,983048011.0,,1275031852.0,1206214889.0,2621563161.0,30132328562.0,13287297121.0,6086052102.0,3411232739.0,372029805.0,2708441195.0,3327260172.0,24925750256.0,9513284287.0,,,1140242933.0
.. Phải trả người lao động__1,17676931940.0,14110441399.0,11463383779.0,9815988322.0,14975909610.0,,14416445596.0,25842600078.0,9424485150.0,22504360926.0,22510672387.0,6651569387.0,11924689086.0,4750829739.0,17893621004.0,7517615641.0,2310523910.0,5882450831.0,,,14282868613.0
.. Chi phí phải trả ngắn hạn__1,36779797444.0,6481543944.0,8698328138.0,27879268706.0,12977353675.0,,,,,,,,,,,,,,,,7812164070.0
.. Phải trả nội bộ ngắn hạn__1,,,,,,,,,,,,,,,,,,,,,
.. Phải trả theo tiến độ kế hoạch hợp đồng xây dựng__1,,,,,,,,,,,,,,,,,,,,,
.. Doanh thu chưa thực hiện ngắn hạn__1,85872731.0,836666670.0,413636364.0,437500000.0,750000000.0,,,,,,,,,,,,,,,,136363637.0
.. Phải trả ngắn hạn khác__1,7827593692.0,5362334469.0,5623752039.0,7042754622.0,8824712226.0,,,,,,,,,,,,,,,,4737648394.0
.. Vay và nợ thuê tài chính ngắn hạn__1,463423483295.0,501055509362.0,551095612303.0,802878548790.0,840856704730.0,,,,,,,,,,,,,,,,481903600252.0
.. Dự phòng phải trả ngắn hạn__1,,,,,,,,,,,,,,,,,,,,,
". Quỹ khen thưởng, phúc lợi__1",5322822.0,281307322.0,375007322.0,407007322.0,570407322.0,,,,,,,,,,,,,,,,5322822.0
.. Quỹ bình ổn giá__1,,,,,,,,,,,,,,,,,,,,,
.. Giao dịch mua bán lại trái phiếu Chính phủ__1,,,,,,,,,,,,,,,,,,,,,
. Nợ dài hạn__1,4757778150.0,13931459875.0,18436186300.0,26115089473.0,26814962500.0,,12277894272.0,13292532580.0,17298022502.0,20124866925.0,10721285975.0,8233144612.0,46982454233.0,713510095.0,1416276064.0,10936116043.0,19515209871.0,13596135072.0,,,5594732450.0
.. Phải trả dài hạn người bán__1,,,,,,,,,,,,,,,,,,,,,
. Người mua trả tiền trước dài hạn__1,,,,,,,,,,,,,,,,,,,,,
. Chi phí phải trả dài hạn__1,,,,,,,,,,,,,,,,,,,,,
. Phải trả nội bộ về vốn kinh doanh__1,,,,,,,,,,,,,,,,,,,,,
. Phải trả dài hạn nội bộ dài hạn__1,,,,,,,,,,,,,,,,,,,,,
. Doanh thu chưa thực hiện dài hạn__1,,,,652727273.0,437500000.0,,,,,,,,,,,,,,,,
.. Phải trả dài hạn khác__1,,,,,,,12277894272.0,13292532580.0,17298022502.0,,,,,,,,,4467541460.0,,,
. Vay và nợ thuê tài chính dài hạn__1,,8000000000.0,12000000000.0,16000000000.0,16000000000.0,,,,,,,,,,,,,,,,
. Trái phiếu chuyển đổi__1,,,,,,,,,,,,,,,,,,,,,
. Thuế thu nhập hoãn lại phải trả__1,,,,,,,,,,,,,,,,,,,,,
.. Dự phòng phải trả dài hạn__1,4757778150.0,5931459875.0,6436186300.0,9462362200.0,10377462500.0,,,,,,,,,,,,,,,,5594732450.0
.. Quỹ phát triển khoa học và công nghệ__1,,,,,,,,,,,,,,,,,,,,,
II - VỐN CHỦ SỞ HỮU__1,-153251746816.0,167840046162.0,423464705167.0,601572053534.0,788901289897.0,,864506692970.0,819811881949.0,658771622141.0,655401341415.0,623643597031.0,626971987984.0,618419924739.0,621740998221.0,300315602162.0,101768345175.0,87997227306.0,74060230645.0,,,-60893881912.0
I. Vốn chủ sở hữu__1,-153251746816.0,167840046162.0,423464705167.0,601572053534.0,788901289897.0,,,,,,,,,,,,,,,,-60893881912.0
. Vốn góp của chủ sở hữu__1,281097430000.0,281097430000.0,281097430000.0,281097430000.0,281097430000.0,,,,,,,,,,,,,,,,281097430000.0
- Cổ phiếu phổ thông có quyền biểu quyết__1,281097430000.0,281097430000.0,281097430000.0,281097430000.0,281097430000.0,,,,,,,,,,,,,,,,281097430000.0
- Cổ phiếu ưu đãi__1,,,,,,,,,,,,,,,,,,,,,
. Cổ phiếu ưu đãi__1,,,,,,,,,,,,,,,,,,,,,
. Thặng dư vốn cổ phần__1,411288522916.0,411288522916.0,411288522916.0,411288522916.0,411288522916.0,,,,,,,,,,,,,,,,411288522916.0
. Quyền chọn chuyển đổi trái phiếu__1,,,,,,,,,,,,,,,,,,,,,
. Vốn khác của chủ sở hữu__1,,,,,,,,,,,,,,,,,,,,,
. Cổ phiếu quỹ (*)__1,,,,,,,,,,,,,,,,,,,,,
. Chênh lệch đánh giá lại tài sản__1,,,,,,,,,,,,,,,,,,,,,
. Chênh lệch tỷ giá hối đoái__1,,,,,,,,,,,,,,,,,,,,,
. Quỹ đầu tư phát triển__1,,,,,,,,,,,,,,,,,,,,,
. Quỹ hỗ trợ sắp xếp doanh nghiệp__1,,,,,,,,,,,,,,,,,,,,,
. Quỹ khác thuộc vốn chủ sở hữu__1,,,,,,,,,,,,,,,,,,,,,
. Lợi nhuận sau thuế chưa phân phối__1,-847146427283.0,-526054634305.0,-270429975300.0,-92322626933.0,94976609430.0,,,,,,,,,,,,,,,,-754788562379.0
- LNST chưa phân phối lũy kế đến cuối kỳ trước__1,-92357864904.0,-255624659005.0,-178107348367.0,-187329236363.0,2326917687.0,,,,,,,,,,,,,,,,-222273310689.0
- LNST chưa phân phối kỳ này__1,-754788562379.0,-270429975300.0,-92322626933.0,95006609430.0,92649691743.0,,,,,,,,,,,,,,,,-532515251690.0
. Nguồn vốn đầu tư XDCB__1,1508727551.0,1508727551.0,1508727551.0,1508727551.0,1508727551.0,,,,,,,,,,,,,,,,1508727551.0
. Lợi ích cổ đông không kiểm soát__1,,,,,,,,,,,,,,,,,,,,,
. Phụ trội hợp nhất công ty con__1,,,,,,,,,,,,,,,,,,,,,
. Nguồn kinh phí và các quỹ khác__1,,,,,,,,,,,,3451788167.0,3223322367.0,1129323270.0,1355855891.0,1519175185.0,1448587664.0,1106226936.0,,,
.. Nguồn kinh phí__1,,,,,,,,,,,,11000000.0,11000000.0,91125800.0,111000000.0,10000000.0,55000000.0,58440000.0,,,
.. Nguồn kinh phí đã hình thành TSCĐ__1,,,,,,,,,,,,,,,,,,,,,
III - LỢI ÍCH CỦA CỔ ĐÔNG THIỂU SỐ__1,,,,,,,,,,,,,20223116699.0,,,,,,,,
Tổng cộng nguồn vốn__1,426103384538.0,760537280815.0,1229047001127.0,2072111657261.0,2454311440067.0,,2216206263323.0,2250909069163.0,1564982054220.0,1716936453939.0,1354627131764.0,1209943558586.0,1347226516767.0,844206663917.0,468269225410.0,251633250121.0,325197211111.0,209534610424.0,,,534794332051.0
.. Đầu tư ngắn hạn__1,,,,,,,8100000000.0,,,,,35784728555.0,34901282288.0,24216089030.0,24521727700.0,3096300600.0,,1000000000.0,,,
.. Dự phòng giảm giá đầu tư ngắn hạn__1,,,,,,,,,,,,-2882563470.0,-4427970870.0,-1386495000.0,,,,,,,
.. Giao dịch mua bán lại trái phiếu chính phủ__1,,,,,,,,,,,,,,,,,,,,,
.. Phải thu dài hạn nội bộ__1,,,,,,,,,,,,,,,,,,,,,
.. Chi phí xây dựng cơ bản dở dang__1,,,,,,,14886493222.0,31432442653.0,26407699316.0,9965580947.0,3498673328.0,1294650997.0,86938064326.0,91233830523.0,96607088417.0,6743317722.0,771231619.0,4164994676.0,,,
. Các khoản đầu tư tài chính dài hạn__1,,,,,,,212600000.0,212600000.0,212600000.0,75550000000.0,87590000000.0,137678000000.0,165314718655.0,150575000000.0,100000000.0,100000000.0,100000000.0,165000000.0,,,
. Đầu tư dài hạn khác__1,,,,,,,212600000.0,212600000.0,212600000.0,100000000000.0,100000000000.0,118017750000.0,132075000000.0,130175000000.0,100000000.0,100000000.0,100000000.0,165000000.0,,,
.. Vay và nợ ngắn hạn__1,,,,,,,930375959150.0,1059019430002.0,675790486223.0,823940817569.0,579431160131.0,471059418545.0,481437799310.0,162997338220.0,113244136411.0,74594694675.0,141435726129.0,91508804093.0,,,
.. Phải trả người bán__1,,,,,,,361777514099.0,305661962659.0,176005860670.0,137082642657.0,89549997087.0,77954049569.0,106709910042.0,43700134388.0,25266796292.0,37068584500.0,34864133972.0,8644602152.0,,,
.. Người mua trả tiền trước__1,,,,,,,3493360146.0,2087174348.0,609235008.0,2737286856.0,3364694662.0,1900261683.0,33682906695.0,2952485494.0,103566863.0,8184363497.0,833839190.0,390362378.0,,,
.. Chi phí phải trả__1,,,,,,,21060295327.0,16120239558.0,13708374045.0,14088005613.0,7935559079.0,3483310211.0,13043981047.0,3140653945.0,5262246280.0,4903818211.0,3810558067.0,2156910798.0,,,
.. Phải trả nội bộ__1,,,,,,,,,,,,,,,,,,,,,
".. Các khoản phải trả, phải nộp ngắn hạn khác__1",,,,,,,2350183287.0,4915268999.0,4387845126.0,8075515170.0,4291703196.0,7603764493.0,11390502177.0,3838684010.0,2058539139.0,3332452207.0,9504242410.0,3781830168.0,,,
.. Quỹ khen thưởng phúc lợi__1,,,,,,,,,,,-108834905.0,3440788167.0,,,,1509175185.0,,,,,
.. Giao dịch mua bán lại trái phiếu chính phủ__2,,,,,,,,,,,,,,,,,,,,,
.. Doanh thu chưa thực hiện__1,,,,,,,,,,,,,,,,,,,,,
. Quỹ thưởng ban quản lý điều hành công ty__1,,,,,,,,,,,,,,,,,,,,,
.. Phải trả dài hạn nội bộ__1,,,,,,,,,,,,,,,,,,,,,
.. Vay và nợ dài hạn__1,,,,,,,,,,,641000000.0,7435824703.0,46252498163.0,,993275164.0,10936116043.0,19515209871.0,9128593612.0,,,
.. Thuế thu nhập hoãn lại phải trả__1,,,,,,,,,,,,,,,,,,,,,
.. Dự phòng trợ cấp mất việc làm__1,,,,,,,,,,20124866925.0,10080285975.0,797319909.0,729956070.0,713510095.0,423000900.0,,,,,,
.. Doanh thu chưa thực hiện__2,,,,,,,,,,,,,,,,,,,,,
.. Quỹ phát triển khoa học công nghệ__1,,,,,,,,,,,,,,,,,,,,,
. Vốn chủ sở hữu__1,,,,,,,864506692970.0,819811881949.0,658771622141.0,655401341415.0,623643597031.0,623520199817.0,615196602372.0,620611674951.0,298959746271.0,100249169990.0,86548639642.0,72954003709.0,,,
.. Vốn đầu tư của chủ sở hữu__1,,,,,,,255544500000.0,255544500000.0,128592880000.0,128592880000.0,128592880000.0,128592880000.0,128592880000.0,128592880000.0,78875780000.0,41791300000.0,55584052951.0,50025799541.0,,,
.. Thặng dư vốn cổ phần__1,,,,,,,411288522916.0,411288522916.0,385506013400.0,385506013400.0,385506013400.0,385506013400.0,385506013400.0,385506013400.0,124711953400.0,,,,,,
.. Vốn khác của chủ sở hữu__1,,,,,,,,,,,,,,,,,,,,,
.. Cổ phiếu quỹ (*)__1,,,,,,,,,-1990214484.0,-1990214484.0,-1990214484.0,,,,,1876196700.0,1876196700.0,-3956250000.0,,,
.. Chênh lệch đánh giá lại tài sản__1,,,,,,,,,,,,,,,,,,,,,
.. Chênh lệch tỷ giá hối đoái__1,,,,,,,,,413653435.0,,,5635539542.0,,,,,,,,,
.. Quỹ đầu tư phát triển__1,,,,,,,80988102710.0,80988102710.0,80988102710.0,80988102710.0,79182945087.0,79182945087.0,77955679529.0,76753168709.0,53477382321.0,37779240358.0,12637201555.0,8198929794.0,,,
.. Quỹ dự phòng tài chính__1,,,,,,,12859288000.0,12859288000.0,12859288000.0,11666296650.0,9557045048.0,8849248265.0,8193217400.0,6114226737.0,3801742374.0,2852981835.0,2082761075.0,1252867911.0,,,
.. Quỹ khác thuộc vốn chủ sở hữu__1,,,,,,,,,,,,,,,,,,,,,
.. Lợi nhuận sau thuế chưa phân phối__1,,,,,,,102317551793.0,57622740772.0,50893171529.0,49129535588.0,21286200429.0,14244845972.0,13440084492.0,22136658554.0,36584160625.0,15705601097.0,14368427361.0,17432656463.0,,,
.. Nguồn vốn đầu tư XDCB__1,,,,,,,1508727551.0,1508727551.0,1508727551.0,1508727551.0,1508727551.0,1508727551.0,1508727551.0,1508727551.0,1508727551.0,243850000.0,,,,,
.. Quỹ hỗ trợ sắp xếp doanh nghiệp__1,,,,,,,,,,,,,,,,,,,,,
.. Quỹ dự trữ vốn điều lệ__1,,,,,,,,,,,,,,,,,,,,,
.. Quỹ khen thưởng phúc lợi__2,,,,,,,,,,,,,3212322367.0,1038197470.0,1244855891.0,,1393587664.0,1047786936.0,,,
I. LƯU CHUYỂN TIỀN TỪ HOẠT ĐỘNG KINH DOANH__1,,,,,,,,,,,,,,,,,,,,,
Lợi nhuận (lỗ) trước thuế__1,-92357864904.0,-255576765851.0,-177511369832.0,-186166996442.0,4365190484.0,158022863.0,90341648266.0,37303314763.0,42066917559.0,,51424732663.0,18015189266.0,12818541962.0,43044417319.0,50670277168.0,25548945370.0,20681890018.0,,,,-221395090052.0
Điều chỉnh cho các khoản:__1,,,,,,,,,,,,,,,,,,,,,
Khấu hao tài sản cố định__1,23174421505.0,34536440765.0,39865695307.0,41241569812.0,41673638690.0,30516212816.0,40092444264.0,40094083355.0,39748715593.0,39312861940.0,39658206921.0,41814074702.0,39849305768.0,25034965373.0,13202179074.0,12025467393.0,9621636755.0,,,,28057008532.0
Các khoản dự phòng__1,583728642.0,265871855820.0,-10946549540.0,84904895135.0,-1242367348.0,13738867977.0,12293173060.0,32855494703.0,8782648107.0,30506366421.0,1581537900.0,-8554968185.0,22976675870.0,-4690037157.0,1153610005.0,5100000000.0,,,,,211089877292.0
"Lãi, lỗ từ đầu tư vào công ty liên kết__1",,,,,,,,,,,,,,,,,,,,,
(Lãi) lỗ chênh lệch tỷ giá hối đoái chưa thực hiện__1,-13028404.0,1225201470.0,-5903965502.0,-333868635.0,5324046223.0,1797053571.0,893250897.0,-2578694483.0,-306680029.0,-1490608584.0,-3390201828.0,341392527.0,-16717211444.0,,,,-2451994889.0,,,,980540999.0
(Lãi)/lỗ từ hoạt động đầu tư/thanh lý tài sản cố định__1,-290100173.0,-428774236.0,-1200883082.0,-1128478518.0,-421282881.0,-490510488.0,-43823711334.0,-284195827.0,-2655336229.0,-25025559957.0,-13943112174.0,-20038735707.0,-5460895354.0,-924734457.0,811426080.0,1723169411.0,-658908564.0,,,,-4590002681.0
Chi phí lãi vay__1,38452952748.0,44665627345.0,44519329535.0,55890806043.0,60064144042.0,34592957079.0,51915492372.0,44842274730.0,60297954240.0,75206671278.0,48579061952.0,39152469220.0,44335816498.0,9423852016.0,6828739190.0,6992046862.0,11603815287.0,,,,45012253476.0
Các khoản giảm trừ khác__1,,,,,,,,,,,,,,,,,,,,,
Thu nhập từ lãi tiền gửi__1,,,,,,,,,,,,,,,,,,,,,
Phân bổ lợi thế thương mại__1,,,,,,,,,,,,,,,,,,,,,
Lãi lỗ thanh lý tài sản cố định__1,,,,,,,,,,,,,,,,,,,,,
Lợi nhuận (lỗ) từ hoạt động kinh doanh trước thay đổi vốn lưu động__1,-30449890586.0,90293585313.0,-111177743114.0,-5592072605.0,109763369210.0,80312603813.0,151712297525.0,152232277241.0,147934219241.0,195710246184.0,123910225434.0,70729421823.0,97802233300.0,71888463094.0,72666231517.0,51389629036.0,38796438607.0,,,,59154587566.0
(Tăng) giảm các khoản phải thu__1,36411466289.0,158816625580.0,374116310575.0,202726610619.0,-540387090093.0,-16575762688.0,-517355026242.0,-337594575063.0,114225319233.0,-309311202583.0,-52793155865.0,19027447756.0,-293329415028.0,-4691074884.0,-47985711296.0,75804454250.0,-69752053057.0,,,,24020148233.0
"Tăng, giảm chứng khoán tự doanh__1",,,,,,,,,,,,,,,,,,,,,
(Tăng) giảm hàng tồn kho__1,62874410242.0,9285177460.0,415802416589.0,49895318652.0,587209122739.0,-364699046788.0,-319230087235.0,-193465507151.0,-79029993421.0,-121303310446.0,-120532744068.0,-72731047027.0,-36363742359.0,-73813637525.0,-43160012559.0,7290134608.0,-8491373090.0,,,,-40330279908.0
"Tăng/(giảm) các khoản phải trả (không bao gồm lãi vay, thuế thu nhập doanh nghiệp phải trả)__1",3368766729.0,-156281823964.0,-407255979356.0,-155757932067.0,151070808171.0,240230918386.0,849622180019.0,145145574394.0,-7060916300.0,75972513032.0,33603739630.0,14656250807.0,172688794791.0,7237328942.0,-9683202319.0,-11682962496.0,41924960578.0,,,,12307007985.0
(Tăng) giảm chi phí trả trước__1,5558415041.0,7396789849.0,18226348030.0,-3550925407.0,6682093968.0,-22140506738.0,-15232723686.0,514357622.0,388077160.0,3951178656.0,1795862501.0,4086351849.0,-5042950661.0,-7844505780.0,-982953776.0,1475208032.0,-1386397642.0,,,,5877011850.0
Tiền lãi vay đã trả__1,-38837730829.0,-46042423105.0,-43226079941.0,-55734375225.0,-60148007105.0,-35370950413.0,-51900522699.0,-45313172824.0,-61461006787.0,-74100447224.0,-47175851748.0,-39376633848.0,-50548132005.0,-9014146979.0,-6828739190.0,-6992046862.0,-11603815287.0,,,,-45148399418.0
Thuế thu nhập doanh nghiệp đã nộp__1,,,,,,,-13291684614.0,-28424086694.0,-10116306402.0,-11142801198.0,-13181592465.0,,-1252044004.0,-6919185819.0,-4990047860.0,-3425609251.0,,,,,-878220637.0
Tiền thu khác từ hoạt động kinh doanh__1,,,,,,,,,,,,1082989611.0,8094123367.0,,-156455216.0,195410000.0,8179423090.0,,,,
Tiền chi khác cho hoạt động kinh doanh__1,,-93700000.0,-32000000.0,-163400000.0,-5383847605.0,-6189635763.0,-154193019.0,-5235788757.0,-2725610411.0,-1634380053.0,-11000000.0,-2488623145.0,-8648067323.0,-6608014817.0,-2531655008.0,-1618425768.0,-9394060489.0,,,,
Tăng tài sản ngắn hạn khác__1,,,,,,,,,,,,,,,,,,,,,
Chênh lệch tỷ giá trong giai đoạn đầu tư__1,,,,,,,,,,,,,,,,,,,,,
Lưu chuyển tiền thuần từ hoạt động kinh doanh__1,38925436886.0,63374231133.0,246453272783.0,31823223967.0,248806449285.0,-124432380191.0,84170240049.0,-312140921232.0,102153782313.0,-241858203632.0,-74384516581.0,-5013842174.0,-116599199922.0,-29764773768.0,-43652545707.0,112435791549.0,-11726877290.0,,,,15001855671.0
II. LƯU CHUYỂN TIỀN TỪ HOẠT ĐỘNG ĐẦU TƯ__1,,,,,,,,,,,27732735807.0,1594754712.0,-189199452595.0,-308263742336.0,-126980158660.0,-28980696791.0,-38427751162.0,,,,
"Tiền chi để mua sắm, xây dựng tài sản cố định__1",-1899316630.0,-5042577350.0,-14434260663.0,-3188863694.0,-40131530047.0,-26382331701.0,-16395724321.0,-33035701804.0,-28581659638.0,-11849017972.0,-17625012916.0,-24328104034.0,-149311802502.0,-168442349464.0,-106420615376.0,-26561325086.0,-40347170641.0,,,,-9290676059.0
"Tiền thu do thanh lý, nhượng bán TSCĐ và các tài sản dài hạn khác__1",286363637.0,1328181817.0,4217065250.0,1274545454.0,,1579158497.0,7962769123.0,764090909.0,145454545.0,47064513636.0,742727273.0,661318176.0,526542684.0,3790594654.0,865883816.0,676928895.0,234723385.0,,,,1701818182.0
"Tiền chi cho vay, mua các công cụ nợ của đơn vị khác__1",,,-14000000000.0,-11100000000.0,,,-10000000000.0,,,,,-46570000.0,-9300000000.0,,,,1065000000.0,,,,
"Tiền thu hồi cho vay, bán lại công cụ nợ của đơn vị khác__1",,,25100000000.0,8100000000.0,,,1900000000.0,,,,31303964000.0,,1400000000.0,,,,,,,,
Tiền chi đầu tư góp vốn vào đơn vị khác__1,,,,,,,,,-212600000.0,,,-121328528550.0,-263874338825.0,-464178936676.0,-125634650400.0,-3096300600.0,,,,,
Tiền thu do bán các khoản đầu tư góp vốn vào đơn vị khác__1,,,,,,,-19324841286.0,,69012000000.0,,,126017049815.0,214659145567.0,320566949150.0,104209223300.0,,,,,,
"Tiền thu lãi cho vay, cổ tức và lợi nhuận được chia__1",3736536.0,12239372.0,1127666305.0,1293037449.0,742823148.0,,1174364766.0,1330486327.0,5359348796.0,7956543032.0,13311057450.0,20619589305.0,16701000481.0,,,,619696094.0,,,,8006957.0
Tiền đầu tư xây dựng nhà xưởng__1,,,,,,,,,,,,,,,,,,,,,
. Tăng lợi ích của cổ đông thiếu số khi hợp nhất công ty con__1,,,,,,,,,,,,,,,,,,,,,
. Loại trừ lợi ích của cổ đông thiểu số khi thanh lý công ty con__1,,,,,,,,,,,,,,,,,,,,,
. Tiền mặt tại công ty con mua trong năm__1,,,,,,,,,,,,,,,,,,,,,
. Tiền thu do nhượng bán các khoản đầu tư vào công ty con__1,,,,,,,,,,,,,,,,,,,,,
. Tiền chi gửi ngắn hạn__1,,,,,,,,,,,,,,,,,,,,,
. Tiền thu lãi từ gửi ngắn hạn__1,,,,,,618368614.0,,,,,,,,,,,,,,,
. Tiền chi mua tài sản khác__1,,,,,,,,,,,,,,,,,,,,,
. Giảm tiền gửi ngân hàng có kỳ hạn__1,,,,,,,,,,,,,,,,,,,,,
. Tiền chi để mua thêm cổ phần của công ty con__1,,,,,,,,,,,,,,,,,,,,,
". Tiền thu từ các khoản ký gửi, ký quỹ dài hạn__1",,,,,,,,,,,,,,,,,,,,,
. Tiền gửi ngắn hạn__1,,,,,,,,,,,,,,,,,,,,,
. Rút tiền gửi ngắn hạn__1,,,,,,,,,,,,,,,,,,,,,
. Tiền thu từ chuyển quyền góp vốn vào dự án__1,,,,,,,,,,,,,,,,,,,,,
Lưu chuyển tiền thuần từ hoạt động đầu tư__1,-1609216457.0,-3702156161.0,2010470892.0,-3621280791.0,-39388706899.0,-24184804590.0,-34683431718.0,-30941124568.0,45722543703.0,43172038696.0,27732735807.0,1594754712.0,-189199452595.0,-308263742336.0,-126980158660.0,-28980696791.0,-38427751162.0,,,,-7580850920.0
III. LƯU CHUYỂN TIỀN TỪ HOẠT ĐỘNG TÀI CHÍNH__1,,,,,,,,,,,,,,,,,,,,,
"Tiền thu từ phát hành cổ phiếu, nhận góp vốn của chủ sở hữu__1",,,,,,,,154724344000.0,,,,,,294737060000.0,159920236700.0,,1876196700.0,,,,
"Tiền chi trả vốn góp cho các chủ sở hữu, mua lại cổ phiếu của doanh nghiệp của doanh nghiệp đã phát hành__1",,,,,,,,,,,-1990214484.0,,,,,,,,,,
Tiền thu từ nhận góp vốn liên doanh__1,,,,,,,,,,,,,,,,,,,,,
"Tiền vay ngắn hạn, dài hạn nhận được__1",376549991509.0,670528910572.0,890865155392.0,1377951565735.0,1594203027216.0,1514750173527.0,2577583469020.0,3305930360167.0,3342148515055.0,3042549505599.0,2147312922091.0,2238569463480.0,2595022236927.0,847739290440.0,567239242380.0,453097289596.0,749870419196.0,,,,605178908368.0
Tiền chi trả nợ gốc vay__1,-395030108466.0,-724569013513.0,-1149435780879.0,-1419252653875.0,-1751650814267.0,-1449088802324.0,-2708406824093.0,-2923178549388.0,-3489996021397.0,-2799812176361.0,-2044162398412.0,-2217638682777.0,-2297121954208.0,-798979363795.0,-538532641523.0,-528517414878.0,-693736066368.0,,,,-615890401091.0
Tiền chi trả nợ thuê tài chính__1,,,,,,,,,,,,,,,,,,,,,
Tiền chi cho đầu tư ngắn hạn__1,,,,,,,,,,,,,,,,,,,,,
"Cổ tức, lợi nhuận đã trả cho chủ sở hữu__1",,,,-34608500.0,-70239749000.0,,-25554450000.0,-12779288000.0,-12779288000.0,-25558576000.0,-25718576000.0,-12859288000.0,-20470395600.0,-4723798800.0,-6822111800.0,-7164633563.0,-8605456400.0,,,,
"Cổ tức, lợi nhuận đã trả cho cổ đông thiểu số__1",,,,,,,,,,,,,,,,,,,,,
Nhận vốn góp của cổ đông thiểu số__1,,,,,,,,,,,,,,,,,,,,,
Chi khác từ lợi nhuận chưa phân phối__1,,,,,,,,,,,,,,,,,,,,,
Tiền thu từ lãi tiền gửi__1,,,,,,,,,,,,,,,,,,,,,
Lưu chuyển tiền thuần từ/(sử dụng vào) hoạt động tài chính__1,-18480116957.0,-54040102941.0,-258570625487.0,-41335696640.0,-227687536051.0,65661371203.0,-156377805073.0,524696866779.0,-160626794342.0,217178753238.0,75441733195.0,8071492703.0,277429887119.0,338773187845.0,181804725757.0,-82584758845.0,49405093128.0,,,,-10711492723.0
Lưu chuyển tiền thuần trong năm__1,18836103472.0,5631972031.0,-10106881812.0,-13133753464.0,-18269793665.0,-82955813578.0,-106890996742.0,181614820979.0,-12750468326.0,18492588302.0,28789952421.0,4652405241.0,-28368765398.0,744671741.0,11172021390.0,870335913.0,-749535324.0,,,,-3290487972.0
Tiền và tương đương tiền đầu năm__1,2310058540.0,4693780633.0,14703368003.0,27815947456.0,46056851546.0,128928106648.0,235690051034.0,53830403797.0,66578811645.0,47609256275.0,18811729995.0,13832260757.0,32243066279.0,12961401109.0,1789379719.0,919043806.0,1505320034.0,,,,5599622368.0
Ảnh hưởng của thay đổi tỷ giá hối đoái quy đổi ngoại tệ__1,13028404.0,-9834063.0,97294442.0,21174011.0,28889575.0,84558476.0,129052356.0,244826258.0,2060478.0,-2899013.0,7573859.0,327063997.0,16231218338.0,,,,163259096.0,,,,924144.0
Chênh lệch tỷ giá chuyển đối báo cáo tài chính__1,,,,,,,,,,,,,,,,,,,,,
Tiền và tương đương tiền cuối năm__1,21159190416.0,10315918601.0,4693780633.0,14703368003.0,27815947456.0,46056851546.0,128928106648.0,235690051034.0,53830403797.0,66098945564.0,47609256275.0,18811729995.0,20105519219.0,13706072850.0,12961401109.0,1789379719.0,919043806.0,,,,2310058540.0
I. Lưu chuyển tiền từ hoạt động kinh doanh__1,,,,,,,,,,,,,,,,,,,,,
". Tiền thu từ bán hàng, cung cấp dịch vụ và doanh thu khác__1",,,,,,,,,,,,,,,,,,,,,
. Tiền chi trả cho người cung cấp hàng hóa và dịch vụ__1,,,,,,,,,,,,,,,,,,,,,
. Tiền chi trả cho người lao động__1,,,,,,,,,,,,,,,,,,,,,
. Tiền chi trả lãi vay__1,,,,,,,,,,,,,,,,,,,,,
. Tiền chi nộp thuế thu nhập doanh nghiệp__1,,,,,,,,,,,,,,,,,,,,,
. Tiền thu khác từ hoạt động kinh doanh__1,,,,,,,,,,,,,,,,,,,,,
. Tiền chi khác cho hoạt động kinh doanh__1,,,,,,,,,,,,,,,,,,,,,
Lưu chuyển tiền thuần từ hoạt động kinh doanh__1,,,,,,,,,,,,,,,,,,,,,
II. LƯU CHUYỂN TIỀN TỪ HOẠT ĐỘNG ĐẦU TƯ__1,,,,,,,,,,,,,,,,,,,,,
"Tiền chi để mua sắm, xây dựng tài sản cố định__1",,,,,,,,,,,,,,,,,,,,,
"Tiền thu do thanh lý, nhượng bán TSCĐ và các tài sản dài hạn khác__1",,,,,,,,,,,,,,,,,,,,,
"Tiền chi cho vay, mua các công cụ nợ của đơn vị khác__1",,,,,,,,,,,,,,,,,,,,,
"Tiền thu hồi cho vay, bán lại công cụ nợ của đơn vị khác__1",,,,,,,,,,,,,,,,,,,,,
Tiền chi đầu tư góp vốn vào đơn vị khác__1,,,,,,,,,,,,,,,,,,,,,
Tiền thu do bán các khoản đầu tư góp vốn vào đơn vị khác__1,,,,,,,,,,,,,,,,,,,,,
"Tiền thu lãi cho vay, cổ tức và lợi nhuận được chia__1",,,,,,,,,,,,,,,,,,,,,
Tiền đầu tư xây dựng nhà xưởng__1,,,,,,,,,,,,,,,,,,,,,
. Tăng lợi ích của cổ đông thiếu số khi hợp nhất công ty con__1,,,,,,,,,,,,,,,,,,,,,
. Loại trừ lợi ích của cổ đông thiểu số khi thanh lý công ty con__1,,,,,,,,,,,,,,,,,,,,,
. Tiền mặt tại công ty con mua trong năm__1,,,,,,,,,,,,,,,,,,,,,
. Tiền thu do nhượng bán các khoản đầu tư vào công ty con__1,,,,,,,,,,,,,,,,,,,,,
. Tiền chi gửi ngắn hạn__1,,,,,,,,,,,,,,,,,,,,,
. Tiền thu lãi từ gửi ngắn hạn__1,,,,,,,,,,,,,,,,,,,,,
. Tiền chi mua tài sản khác__1,,,,,,,,,,,,,,,,,,,,,
. Giảm tiền gửi ngân hàng có kỳ hạn__1,,,,,,,,,,,,,,,,,,,,,
. Tiền chi để mua thêm cổ phần của công ty con__1,,,,,,,,,,,,,,,,,,,,,
". Tiền thu từ các khoản ký gửi, ký quỹ dài hạn__1",,,,,,,,,,,,,,,,,,,,,
. Tiền gửi ngắn hạn__1,,,,,,,,,,,,,,,,,,,,,
. Rút tiền gửi ngắn hạn__1,,,,,,,,,,,,,,,,,,,,,
. Tiền thu từ chuyển quyền góp vốn vào dự án__1,,,,,,,,,,,,,,,,,,,,,
Lưu chuyển tiền thuần từ hoạt động đầu tư__1,,,,,,,,,,,,,,,,,,,,,
III. LƯU CHUYỂN TIỀN TỪ HOẠT ĐỘNG TÀI CHÍNH__1,,,,,,,,,,,,,,,,,,,,,
"Tiền thu từ phát hành cổ phiếu, nhận góp vốn của chủ sở hữu__1",,,,,,,,,,,,,,,,,,,,,
"Tiền chi trả vốn góp cho các chủ sở hữu, mua lại cổ phiếu của doanh nghiệp của doanh nghiệp đã phát hành__1",,,,,,,,,,,,,,,,,,,,,
Tiền thu từ nhận góp vốn liên doanh__1,,,,,,,,,,,,,,,,,,,,,
"Tiền vay ngắn hạn, dài hạn nhận được__1",,,,,,,,,,,,,,,,,,,,,
Tiền chi trả nợ gốc vay__1,,,,,,,,,,,,,,,,,,,,,
Tiền chi trả nợ thuê tài chính__1,,,,,,,,,,,,,,,,,,,,,
Tiền chi cho đầu tư ngắn hạn__1,,,,,,,,,,,,,,,,,,,,,
"Cổ tức, lợi nhuận đã trả cho chủ sở hữu__1",,,,,,,,,,,,,,,,,,,,,
"Cổ tức, lợi nhuận đã trả cho cổ đông thiểu số__1",,,,,,,,,,,,,,,,,,,,,
Nhận vốn góp của cổ đông thiểu số__1,,,,,,,,,,,,,,,,,,,,,
Chi khác từ lợi nhuận chưa phân phối__1,,,,,,,,,,,,,,,,,,,,,
Tiền thu từ lãi tiền gửi__1,,,,,,,,,,,,,,,,,,,,,
Lưu chuyển tiền thuần từ/(sử dụng vào) hoạt động tài chính__1,,,,,,,,,,,,,,,,,,,,,
Lưu chuyển tiền thuần trong năm__1,,,,,,,,,,,,,,,,,,,,,
Tiền và tương đương tiền đầu năm__1,,,,,,,,,,,,,,,,,,,,,
Ảnh hưởng của thay đổi tỷ giá hối đoái quy đổi ngoại tệ__1,,,,,,,,,,,,,,,,,,,,,
Chênh lệch tỷ giá chuyển đối báo cáo tài chính__1,,,,,,,,,,,,,,,,,,,,,
Tiền và tương đương tiền cuối năm__1,,,,,,,,,,,,,,,,,,,,,
