field,[2021],[2020],[2019],[2018],[2017],[2016],[2015],[2014],[2013],[2012],[2011],[2010],[2009],[2008],[2007],[2006],[2004],[2003],[2002],[2001],[2005]
. Doanh thu bán hàng và cung cấp dịch vụ__1,759176521735.0,915009140148.0,796621396424.0,917097523667.0,1093460149832.0,1034160110471.0,829693296154.0,391547318731.0,360635447847.0,300576912009.0,368049345214.0,443785974748.0,316787877638.0,254817420153.0,153023310646.0,131854045986.0,,,,,
. Các khoản giảm trừ doanh thu__1,324893022.0,143014125.0,,,,7345300821.0,,,27984400.0,262210735.0,75967325.0,500821828.0,,,,9361313.0,,,,,
. Doanh thu thuần về bán hàng và cung cấp dịch vụ__1,758851628713.0,914866126023.0,796621396424.0,917097523667.0,1093460149832.0,1026814809650.0,829693296154.0,391547318731.0,360607463447.0,300314701274.0,367973377889.0,443285152920.0,316787877638.0,254817420153.0,153023310646.0,131844684673.0,,,,,
. Giá vốn hàng bán__1,490389114788.0,634896776017.0,428620883460.0,472048915292.0,598322807768.0,627826400127.0,575136304571.0,250301254418.0,298855311487.0,243715090206.0,292050140635.0,344196909718.0,215334747076.0,194151263879.0,121461419485.0,121635457159.0,,,,,
. Lợi nhuận gộp về bán hàng và cung cấp dịch vụ__1,268462513925.0,279969350006.0,368000512964.0,445048608375.0,495137342064.0,398988409523.0,254556991583.0,141246064313.0,61752151960.0,56599611068.0,75923237254.0,99088243202.0,101453130562.0,60666156274.0,31561891161.0,10209227514.0,,,,,
. Doanh thu hoạt động tài chính__1,3669564385.0,14411933486.0,7772894111.0,7355538374.0,9779332122.0,8836332229.0,1922604848.0,1279700993.0,1185058481.0,977046636.0,1593023451.0,2729771872.0,502445185.0,87383846.0,168387364.0,46522338.0,,,,,
. Chi phí tài chính__1,191766361201.0,176938216469.0,200885083681.0,208824592233.0,215447168775.0,177753168301.0,114959100724.0,73821051711.0,25988542894.0,24811014900.0,34833407469.0,22447662739.0,14900173611.0,16659617078.0,12401851794.0,2416265937.0,,,,,
- Trong đó: Chi phí lãi vay__1,191240329069.0,176938216469.0,200885083681.0,208824592233.0,213312570447.0,-174535375266.0,111170203368.0,71671507730.0,23291768209.0,22329918875.0,30697202169.0,19050223209.0,11684466245.0,14239055233.0,12341851798.0,192554211.0,,,,,
". Phần lãi lỗ hoặc lỗ trong công ty liên doanh, liên kết__1",,,,,,-123570166.0,-480319840.0,,,,,,,,,,,,,,
. Chi phí bán hàng__1,4893083239.0,3871646253.0,5913074304.0,9117914034.0,17287963669.0,5009553583.0,10566430389.0,7756090502.0,4017466696.0,6455788352.0,10752328482.0,25039052455.0,14967467376.0,7096158309.0,3648701724.0,1094253825.0,,,,,
. Chi phí quản lý doanh nghiệp__1,73591511718.0,71510792583.0,72201270037.0,76118737254.0,84608548573.0,90116911678.0,50465035739.0,45934370112.0,30935488689.0,26841180836.0,23231009778.0,19605654646.0,15186558188.0,12851915141.0,10111644546.0,5893725580.0,,,,,
. Lợi nhuận thuần từ hoạt động kinh doanh__1,1881122152.0,42060628187.0,96773979053.0,158342903228.0,187572993169.0,134821538024.0,80008709739.0,15014252981.0,1995712162.0,-531326384.0,8699514976.0,34725645234.0,56901376572.0,24145849592.0,5568080461.0,851504510.0,,,,,
. Thu nhập khác__1,1457207392.0,78031855731.0,2788804911.0,3970658566.0,2674454698.0,2988933887.0,5666853795.0,3548755973.0,4326079103.0,4960513609.0,3476551846.0,5183143990.0,13651646563.0,8804577999.0,15054809123.0,35098665.0,,,,,
. Chi phí khác__1,7047654762.0,1941561263.0,3013764655.0,5100608702.0,6432018376.0,4407926075.0,182365045.0,2811238712.0,4319972490.0,2563382197.0,3104798919.0,4791330835.0,12536391416.0,9067722544.0,1869740616.0,92992838.0,,,,,
. Lợi nhuận khác__1,-5590447370.0,76090294468.0,-224959744.0,-1129950136.0,-3757563678.0,-1418992188.0,5484488750.0,737517261.0,6106613.0,2397131412.0,371752927.0,391813155.0,1115255147.0,-263144545.0,13185068507.0,-57894173.0,,,,,
. Tổng lợi nhuận kế toán trước thuế__1,-3709325218.0,118150922655.0,96549019309.0,157212953092.0,183815429491.0,133402545836.0,85493198489.0,16490301258.0,2051374743.0,1734195096.0,9109681537.0,35809901665.0,58534281218.0,23882705047.0,18753148968.0,793610337.0,,,,,
. Chi phí thuế TNDN hiện hành__1,3294217984.0,13259832663.0,12534667432.0,28717028311.0,30247859349.0,21080311927.0,12059892082.0,7345938654.0,6526336613.0,2412168889.0,2122811008.0,7528113456.0,11283389871.0,2808122398.0,1839333955.0,295937371.0,,,,,
. Chi phí thuế TNDN hoãn lại__1,6177109629.0,3571976867.0,25451176.0,25451176.0,-340471518.0,-527053508.0,78572224.0,-7229334599.0,-6897797256.0,-1888931733.0,,,,,,,,,,,
. Lợi nhuận sau thuế thu nhập doanh nghiệp__1,-13180652831.0,101319113125.0,83988900701.0,128470473605.0,153908041660.0,112849287417.0,73354734183.0,16373697203.0,2422835386.0,1210957945.0,6986870529.0,28281788209.0,47250891347.0,21074582649.0,16913815013.0,497672966.0,,,,,
. Lợi ích của cổ đông thiểu số__1,-8923360509.0,4379905179.0,3559982361.0,4531603299.0,7094704193.0,5157503107.0,5372639209.0,130321834.0,103207515.0,-31855304.0,,,,,,,,,,,
. Lợi nhuận sau thuế của công ty mẹ__1,-4257292322.0,96939207946.0,80428918340.0,123938870306.0,146813337467.0,107691784310.0,67982094974.0,16243375370.0,2319627871.0,1242813249.0,6986870529.0,28281788209.0,47250891347.0,21074582649.0,16913815013.0,497672966.0,,,,,
. Lãi cơ bản trên cổ phiếu__1,-112.0,1470.0,1191.0,1835.0,2598.0,2732.0,1953.0,995.0,155.0,83.0,466.0,1885.0,3451.0,1701.0,1617.0,,,,,,
. Lãi suy giảm trên cổ phiếu__1,-112.0,1470.0,1191.0,1835.0,2598.0,2732.0,1953.0,,,,,,,,,,,,,,
. Cổ tức__1,,,,,,,,,,,,,,,,,,,,,
. Phần lãi (lỗ thuần) trong công ty liên doanh/liên kết__1,,,,,,,,738531016.0,49555968.0,-131609932.0,38413634.0,692443276.0,517649499.0,,,,,,,,
I - TÀI SẢN NGẮN HẠN__1,484424527830.0,666106398483.0,492374041107.0,667208903378.0,678774792804.0,468781050257.0,399665208519.0,569677142510.0,514827070662.0,455908799938.0,435457245250.0,267922597555.0,264172834896.0,167139612657.0,83977693087.0,132546611114.0,,,,,
. Tiền và các khoản tương đương tiền__1,217765244601.0,184276627829.0,83481571711.0,324544193073.0,271026737697.0,253804662311.0,110381267823.0,179071287723.0,170635091926.0,19778199094.0,41895010236.0,9546284869.0,5146052614.0,2002165211.0,6676110148.0,1129745727.0,,,,,
..Tiền__1,184730911159.0,55613301016.0,72040933216.0,64934553851.0,75349915046.0,82193362311.0,46562767823.0,179071287723.0,170635091926.0,19778199094.0,41895010236.0,9546284869.0,5146052614.0,2002165211.0,6676110148.0,1129745727.0,,,,,
..Các khoản tương đương tiền__1,33034333442.0,128663326813.0,11440638495.0,259609639222.0,195676822651.0,171611300000.0,63818500000.0,,,,,,,,,,,,,,
. Các khoản đầu tư tài chính ngắn hạn__1,,1.0,,,70000000000.0,7611576980.0,47000000000.0,6000000000.0,,,,,,,,,,,,,
.. Chứng khoán kinh doanh__1,,,,,,,,,,,,,,,,,,,,,
.. Dự phòng giảm giá chứng khoán kinh doanh__1,,,,,,,,,,,,,,,,,,,,,
.. Đầu tư nắm giữ đến ngày đáo hạn__1,,,,,70000000000.0,7611576980.0,47000000000.0,,,,,,,,,,,,,,
. Các khoản phải thu ngắn hạn__1,126846569137.0,233270173694.0,169145398358.0,178659938743.0,178143340781.0,109819513968.0,119743413724.0,238450496636.0,154388029067.0,228089864965.0,255300836308.0,160023064202.0,134599130667.0,87762339929.0,25632506018.0,106064373705.0,,,,,
..Phải thu khách hàng__1,35752064516.0,34385151434.0,62017999347.0,82986058783.0,93658434986.0,53256060000.0,67085076816.0,58786668120.0,70097591769.0,96393448694.0,130596848142.0,126715291974.0,83994869527.0,53458020599.0,9882153610.0,24586949161.0,,,,,
..Trả trước cho người bán__1,30647093819.0,143177565755.0,99522630910.0,80553801410.0,62602782707.0,35347227927.0,43605916933.0,176592789575.0,75076837666.0,127326257157.0,113123970800.0,24098302931.0,16622772463.0,5967963612.0,10401101020.0,69873638301.0,,,,,
.. Phải thu nội bộ ngắn hạn__1,,,,,,,,,,,,,,,,,,,,,
.. Phải thu theo tiến độ Kế hoạch hợp đồng xây dựng__1,,,,,,,,,,,,,,,,,,,,,
. Phải thu về cho vay ngắn hạn__1,,5500000000.0,5500000000.0,14500000000.0,15000000000.0,,,,,,,,,,,,,,,,
.. Các khoản phải thu khác__1,75308914085.0,63380321403.0,14374274677.0,12033446812.0,19794063896.0,34089622201.0,19026115154.0,12187599286.0,17373980235.0,7620811563.0,12743298028.0,10225558666.0,33981488677.0,28336355718.0,5349251388.0,11603786243.0,,,,,
.. Dự phòng phải thu ngắn hạn khó đòi__1,-14861503283.0,-13172864898.0,-12269506576.0,-11413368262.0,-12911940808.0,-12873396160.0,-9973695179.0,-9116560345.0,-8160380603.0,-3250652449.0,-1163280662.0,-1016089369.0,,,,,,,,,
. Tài sản thiếu chờ xử lý__1,,,,,,,,,,,,,,,,,,,,,
. Hàng tồn kho__1,116223161984.0,198816989108.0,202060218908.0,133912346967.0,127294518547.0,65786696364.0,92210067778.0,117624502707.0,168090163067.0,200903232959.0,130145692578.0,95109755107.0,115626179209.0,70663069408.0,50441601680.0,21461287925.0,,,,,
.. Hàng tồn kho__1,116223161984.0,198816989108.0,202060218908.0,133912346967.0,127294518547.0,65786696364.0,92210067778.0,117624502707.0,168090163067.0,200903232959.0,130145692578.0,95109755107.0,115626179209.0,70663069408.0,50441601680.0,21461287925.0,,,,,
.. Dự phòng giảm giá hàng tồn kho__1,,,,,,,,,,,,,,,,,,,,,
. Tài sản ngắn hạn khác__1,23589552108.0,49742607851.0,37686852130.0,30092424595.0,32310195779.0,31758600634.0,30330459194.0,28530855444.0,21713786602.0,7137502920.0,8115706128.0,3243493377.0,8801472406.0,6712038109.0,1227475241.0,3891203757.0,,,,,
.. Chi phí trả trước ngắn hạn__1,635033270.0,426967761.0,3705147254.0,2984606865.0,5230282133.0,896596185.0,245833334.0,,,,3710001.0,,,,,,,,,,
.. Thuế GTGT được khấu trừ__1,18902659002.0,44811073006.0,33282526841.0,25966491922.0,24484746426.0,30861480305.0,29410946210.0,24219613881.0,16953424960.0,2641981803.0,2665568375.0,495603300.0,108341324.0,,,,,,,,
.. Thuế và các khoản khác phải thu Nhà nước__1,4051859836.0,4504567084.0,699178035.0,1141325808.0,2595167220.0,524144.0,673679650.0,,,,,,,,,,,,,,
. Giao dịch mua bán lại trái phiếu Chính phủ__1,,,,,,,,,,,,,,,,,,,,,
.. Tài sản ngắn hạn khác__1,,,,,,,,4311241563.0,4760361642.0,4495521117.0,5446427752.0,2747890077.0,8693131082.0,6712038109.0,1227475241.0,3891203757.0,,,,,
II - TÀI SẢN DÀI HẠN__1,4270927120278.0,3865125532004.0,4034270429761.0,3763071561017.0,3623530019961.0,3378529281232.0,2881433951024.0,1925652076413.0,1230484914175.0,717611002284.0,349972885951.0,207786611161.0,194083110867.0,201718414877.0,244934353083.0,85872648021.0,,,,,
. Các khoản phải thu dài hạn__1,13988696288.0,13520110013.0,11518376098.0,8936490019.0,6515284452.0,15454571885.0,3524995885.0,,,,,,,,,,,,,,
.. Phải thu dài hạn của khách hàng__1,,,,,,,,,,,,,,,,,,,,,
. Trả trước cho người bán dài hạn__1,,,,,,,,,,,,,,,,,,,,,
.. Vốn kinh doanh ở đơn vị trực thuộc__1,,,,,,,,,,,,,,,,,,,,,
.. Phải thu nội bộ dài hạn__1,,,,,,,,,,,,,,,,,,,,,
. Phải thu về cho vay dài hạn__1,,,,,,11500000000.0,,,,,,,,,,,,,,,
.. Phải thu dài hạn khác__1,13988696288.0,13520110013.0,11518376098.0,8936490019.0,6515284452.0,3954571885.0,3524995885.0,,,,,,,,,,,,,,
.. Dự phòng phải thu khó đòi__1,,,,,,,,,,,,,,,,,,,,,
. Tài sản cố định__1,3443364998997.0,2488013205208.0,2508667798844.0,2624912561334.0,2675046729773.0,2579754096472.0,1453866972682.0,1786891705514.0,1095660729684.0,683384096985.0,336413929631.0,195931945688.0,182639093482.0,199903411998.0,172599614876.0,55729475015.0,,,,,
.. Tài sản cố định hữu hình__1,227255504928.0,231016071856.0,129662222743.0,137617772082.0,152467205791.0,116178963852.0,112741822990.0,115726453484.0,111501605683.0,110754912932.0,118908483325.0,129142986611.0,119338638184.0,127744822321.0,64231708157.0,46434929653.0,,,,,
- Nguyên giá__1,498132385596.0,484547041362.0,411226843467.0,398182938072.0,398675921280.0,337497835527.0,305294705540.0,283228216535.0,251121844352.0,226297977917.0,209732292241.0,196026010392.0,164794835318.0,156987986367.0,82052367642.0,55846826573.0,,,,,
- Giá trị hao mòn luỹ kế__1,-270876880668.0,-253530969506.0,-281564620724.0,-260565165990.0,-246208715489.0,-221318871675.0,-192552882550.0,-167501763051.0,-139620238669.0,-115543064985.0,-90823808916.0,-66883023781.0,-45456197134.0,-29243164046.0,-17820659485.0,-9411896915.0,,,,,
.. Tài sản cố định thuê tài chính__1,9846812792.0,18122320721.0,45423273188.0,52822517590.0,,,,,,,,,,,,,,,,,
- Nguyên giá__2,11898232112.0,22265839549.0,53325389846.0,53325389846.0,,,,,,,,,,,,,,,,,
- Giá trị hao mòn luỹ kế__2,-2051419320.0,-4143518828.0,-7902116658.0,-502872256.0,,,,,,,,,,,,,,,,,
.. Tài sản cố định vô hình__1,3206262681277.0,2238874812631.0,2333582302913.0,2434472271662.0,2522579523982.0,2463575132620.0,1341125149692.0,933651902778.0,23535857275.0,31221245129.0,39824322761.0,48427400393.0,57030478025.0,65633555657.0,77844232752.0,,,,,,
- Nguyên giá__3,3979294679920.0,2924616942100.0,2925996777760.0,2925962471346.0,2908882635686.0,2730343757617.0,1489712334572.0,1023406192282.0,84908838182.0,83670838182.0,83670838182.0,83670838182.0,83670838182.0,83670838182.0,87301943274.0,,,,,,
- Giá trị hao mòn luỹ kế__3,-773031998643.0,-685742129469.0,-592414474847.0,-491490199684.0,-386303111704.0,-266768624997.0,-148587184880.0,-89754289504.0,-61372980907.0,-52449593053.0,-43846515421.0,-35243437789.0,-26640360157.0,-18037282525.0,-9457710522.0,,,,,,
. Bất động sản đầu tư__1,,,,,,,,,,,,,,,,,,,,,
- Nguyên giá__4,,,,,,,,,,,,,,,,,,,,,
- Giá trị hao mòn luỹ kế__4,,,,,,,,,,,,,,,,,,,,,
. Tài sản dở dang dài hạn__1,718741607753.0,1276823372307.0,1301313860439.0,967227469945.0,763854653705.0,638432821141.0,1298245569457.0,,,,,,,,,,,,,,
". Chi phí sản xuất, kinh doanh dở dang dài hạn__1",,,168716463108.0,19457108661.0,,,,,,,,,,,,,,,,,
. Chi phí xây dựng cơ bản dở dang__1,718741607753.0,1276823372307.0,1132597397331.0,947770361284.0,763854653705.0,638432821141.0,1298245569457.0,,,,,,,,,,,,,,
. Đầu tư tài chính dài hạn__1,2400000000.0,2400000000.0,2400000000.0,2400000000.0,22017955000.0,8281234834.0,8404805000.0,,,,,,,,,,,,,,
. Đầu tư vào công ty con__1,,,,,,,,,,,,,,,,,,,,,
". Đầu tư vào công ty liên kết, liên doanh__1",,,,,4654805000.0,4531234834.0,4654805000.0,6402255988.0,6593581298.0,4418390068.0,8858840506.0,6936394145.0,4117649499.0,,70000000000.0,30000000000.0,,,,,
. Đầu tư góp vốn vào đơn vị khác__1,2400000000.0,2400000000.0,2400000000.0,2400000000.0,17363150000.0,3750000000.0,3750000000.0,,,,,,,,,,,,,,
. Dự phòng giảm giá đầu tư dài hạn__1,,,,,,,,,,,,,,,,,,,,,
. Đầu tư nắm giữ đến ngày đáo hạn__1,,,,,,,,,,,,,,,,,,,,,
. Tài sản dài hạn khác__1,92431817240.0,84368844476.0,210370394380.0,159595039719.0,156095397031.0,136606556900.0,117391608000.0,128608114911.0,124480603193.0,26208515231.0,1700115814.0,2518271328.0,4926367886.0,1815002879.0,2334738207.0,143173006.0,,,,,
. Chi phí trả trước dài hạn__1,91953447388.0,83443010664.0,208262894434.0,157785763035.0,154260669173.0,135065885219.0,115938021857.0,111047551318.0,115693874199.0,24319583493.0,1700115814.0,2518271328.0,4926367886.0,1815002879.0,2334738207.0,143173006.0,,,,,
. Tài sản thuế thu nhập hoãn lại__1,478369852.0,925833812.0,2107499946.0,1809276684.0,1834727858.0,1540671681.0,1453586143.0,16016063593.0,8786728994.0,1888931738.0,,,,,,,,,,,
". Thiết bị, vật tư, phụ tùng thay thế dài hạn__1",,,,,,,,,,,,,,,,,,,,,
. Tài sản dài hạn khác__2,,,,,,,,1544500000.0,,,,,,,,,,,,,
". Ký quỹ, ký cược dài hạn__1",,,,,,,,,,,,,,,,,,,,,
. Lợi thế thương mại__1,,,,,,,,,,,,,,,,,,,,,
Tổng cộng tài sản__1,4755351648108.0,4531231930487.0,4526644470868.0,4430280464395.0,4302304812765.0,3847310331489.0,3281099159543.0,2495329218923.0,1745311984837.0,1173519802222.0,785430131201.0,475709208716.0,458255945763.0,368858027534.0,328912046170.0,218419259135.0,,,,,
I - NỢ PHẢI TRẢ__1,3500293762078.0,3182066944330.0,3069994718336.0,2960171534948.0,2893309048285.0,2961128514653.0,2674659299842.0,1993591056820.0,1515273429252.0,958776750102.0,555069512201.0,275205050817.0,257831244410.0,222178140988.0,223065953993.0,183639146546.0,,,,,
. Nợ ngắn hạn__1,560504441693.0,673934079095.0,759907323691.0,671625280039.0,688482555588.0,612668790538.0,756077954244.0,744814027047.0,654606281718.0,485037146617.0,326043595076.0,224693311890.0,189873135467.0,144500702235.0,82153013641.0,104500498146.0,,,,,
.. Phải trả người bán ngắn hạn__1,138350700311.0,129659043724.0,169908533308.0,97727602349.0,94186108696.0,151197660782.0,138792411069.0,,,,,,,,,,,,,,
.. Người mua trả tiền trước ngắn hạn__1,71274894308.0,51432513234.0,26692046579.0,26806286524.0,29897536580.0,18783544403.0,49783230003.0,,,,,,,,,,,,,,
..Thuế và các khoản phải nộp Nhà nước__1,4270333239.0,13970370884.0,13303839301.0,26429465240.0,14300080191.0,12183631088.0,31635524484.0,28254196977.0,31590842420.0,17985363183.0,16921692091.0,12655555462.0,12881843518.0,4313713370.0,3108862463.0,3969113749.0,,,,,
.. Phải trả người lao động__1,12611431226.0,12832451009.0,13667010092.0,18536689735.0,17755472722.0,17435988586.0,12666526736.0,9703730527.0,6247637051.0,5815662623.0,3904217090.0,3994716375.0,2010441167.0,3347333524.0,933334572.0,1610676474.0,,,,,
.. Chi phí phải trả ngắn hạn__1,39238065539.0,5330565772.0,5490242800.0,96962567623.0,107246359649.0,78802766484.0,95038943236.0,,,,,,,,,,,,,,
.. Phải trả nội bộ ngắn hạn__1,,,,,,,,,,,,,,,,,,,,,
.. Phải trả theo tiến độ kế hoạch hợp đồng xây dựng__1,,,,,,,,,,,,,,,,,,,,,
.. Doanh thu chưa thực hiện ngắn hạn__1,5800567908.0,14536224376.0,89055414487.0,1080000000.0,770000000.0,986363637.0,,,,,,,,,,,,,,,
.. Phải trả ngắn hạn khác__1,27680676854.0,18293709095.0,94026122078.0,88892410411.0,33098062232.0,35137652179.0,36836692380.0,,,,,,,,,,,,,,
.. Vay và nợ thuê tài chính ngắn hạn__1,238911934245.0,402636190186.0,327286597322.0,299520415953.0,371801139417.0,286628390840.0,391257012774.0,,,,,,,,,,,,,,
.. Dự phòng phải trả ngắn hạn__1,,,,2417151546.0,12652829727.0,10386568187.0,,,,,,,,,,,,,,,
". Quỹ khen thưởng, phúc lợi__1",22365838063.0,25243010815.0,20477517724.0,13252690658.0,6774966374.0,1126224352.0,67613562.0,,,,,,,,,,,,,,
.. Quỹ bình ổn giá__1,,,,,,,,,,,,,,,,,,,,,
.. Giao dịch mua bán lại trái phiếu Chính phủ__1,,,,,,,,,,,,,,,,,,,,,
. Nợ dài hạn__1,2939789320385.0,2508132865235.0,2310087394645.0,2288546254909.0,2204826492697.0,2348459724115.0,1918581345598.0,1248777029773.0,860667147534.0,473739603485.0,229025917125.0,50511738927.0,67958108943.0,77677438753.0,140912940352.0,79138648400.0,,,,,
.. Phải trả dài hạn người bán__1,,,,,,,,20000591160.0,,,,,,,,,,,,,
. Người mua trả tiền trước dài hạn__1,,,,,,,,,,,,,,,,,,,,,
. Chi phí phải trả dài hạn__1,117856852089.0,75401755834.0,62575067167.0,,,,,,,,,,,,,,,,,,
. Phải trả nội bộ về vốn kinh doanh__1,,,,,,,,,,,,,,,,,,,,,
. Phải trả dài hạn nội bộ dài hạn__1,,,,,,,,,,,,,,,,,,,,,
. Doanh thu chưa thực hiện dài hạn__1,44499227543.0,43291911515.0,553690475.0,759346939.0,,,,,,,,,,,,,,,,,
.. Phải trả dài hạn khác__1,,,132000000.0,342000000.0,315000000.0,315000000.0,,,120000000000.0,15848972474.0,,,,,,,,,,,
. Vay và nợ thuê tài chính dài hạn__1,2747911505368.0,2365310813801.0,2215527010018.0,2245704419951.0,2173586539008.0,2326699724115.0,1918581345598.0,,,,,,,,,,,,,,
. Trái phiếu chuyển đổi__1,,,,,,,,,,,,,,,,,,,,,
. Thuế thu nhập hoãn lại phải trả__1,10550101089.0,4820455420.0,,,,,,,,,,,,,,,,,,,
.. Dự phòng phải trả dài hạn__1,18971634296.0,19307928665.0,31299626985.0,41740488019.0,30924953689.0,21445000000.0,,,,,,,,,,,,,,,
.. Quỹ phát triển khoa học và công nghệ__1,,,,,,,,,,,,,,,,,,,,,
II - VỐN CHỦ SỞ HỮU__1,1255057886030.0,1349164986157.0,1456649752532.0,1470108929447.0,1408995764480.0,886181816836.0,606439859701.0,351271848400.0,175925286209.0,173232019005.0,187748516877.0,198821973284.0,200109701353.0,146679886546.0,105846092177.0,34780112589.0,,,,,
I. Vốn chủ sở hữu__1,1255057886030.0,1349164986157.0,1456649752532.0,1470108929447.0,1408995764480.0,886181816836.0,606439859701.0,,,,,,,,,,,,,,
. Vốn góp của chủ sở hữu__1,629999970000.0,629999970000.0,629999970000.0,629999970000.0,629999970000.0,429999970000.0,329999970000.0,,,,,,,,,,,,,,
- Cổ phiếu phổ thông có quyền biểu quyết__1,629999970000.0,629999970000.0,629999970000.0,629999970000.0,629999970000.0,429999970000.0,329999970000.0,,,,,,,,,,,,,,
- Cổ phiếu ưu đãi__1,,,,,,,,,,,,,,,,,,,,,
. Cổ phiếu ưu đãi__1,,,,,,,,,,,,,,,,,,,,,
. Thặng dư vốn cổ phần__1,383633339278.0,383633339279.0,383633339279.0,383633339279.0,383633339279.0,125638339279.0,9550139279.0,,,,,,,,,,,,,,
. Quyền chọn chuyển đổi trái phiếu__1,,,,,,,,,,,,,,,,,,,,,
. Vốn khác của chủ sở hữu__1,,,,,,,,,,,,,,,,,,,,,
. Cổ phiếu quỹ (*)__1,-155036000000.0,-155036000000.0,,,,,,,,,,,,,,,,,,,
. Chênh lệch đánh giá lại tài sản__1,,,,,,,,,,,,,,,,,,,,,
. Chênh lệch tỷ giá hối đoái__1,,,,,,,,,,,,,,,,,,,,,
. Quỹ đầu tư phát triển__1,50629721216.0,42816188539.0,36602709265.0,27888483367.0,20394669159.0,14783537213.0,13256026142.0,,,,,,,,,,,,,,
. Quỹ hỗ trợ sắp xếp doanh nghiệp__1,,,,,,,,,,,,,,,,,,,,,
. Quỹ khác thuộc vốn chủ sở hữu__1,,,,,,,,,,,,,,,,,,,,,
. Lợi nhuận sau thuế chưa phân phối__1,130432269850.0,213130335946.0,183719952041.0,197301668120.0,141734405766.0,133949025046.0,80045782089.0,,,,,,,,,,,,,,
- LNST chưa phân phối lũy kế đến cuối kỳ trước__1,-4257292322.0,59118830038.0,80428918340.0,111265370306.0,102713339566.0,26257240736.0,12063687115.0,,,,,,,,,,,,,,
- LNST chưa phân phối kỳ này__1,134689562172.0,154011505908.0,103291033701.0,86036297814.0,39021066200.0,107691784310.0,67982094974.0,,,,,,,,,,,,,,
. Nguồn vốn đầu tư XDCB__1,11120427.0,11120427.0,11120427.0,11120427.0,11120427.0,11120427.0,11120427.0,,,,,,,,,,,,,,
. Lợi ích cổ đông không kiểm soát__1,215387465259.0,234610031966.0,222682661520.0,231274348254.0,233222259849.0,181799824871.0,173576821764.0,,,,,,,,,,,,,,
. Phụ trội hợp nhất công ty con__1,,,,,,,,,,,,,,,,,,,,,
. Nguồn kinh phí và các quỹ khác__1,,,,,,,,,,,,,2406878741.0,578248500.0,184801989.0,75094459.0,,,,,
.. Nguồn kinh phí__1,,,,,,,,,,,,,,,,,,,,,
.. Nguồn kinh phí đã hình thành TSCĐ__1,,,,,,,,,,,,,,,,,,,,,
III - LỢI ÍCH CỦA CỔ ĐÔNG THIỂU SỐ__1,,,,,,,,150466313703.0,54113269376.0,41511033116.0,42612102123.0,1682184615.0,315000000.0,,,,,,,,
Tổng cộng nguồn vốn__1,4755351648108.0,4531231930487.0,4526644470868.0,4430280464395.0,4302304812765.0,3847310331489.0,3281099159543.0,2495329218923.0,1745311984837.0,1173519802222.0,785430131201.0,475709208716.0,458255945763.0,368858027534.0,328912046170.0,218419259135.0,,,,,
.. Đầu tư ngắn hạn__1,,,,,,,,6000000000.0,,,,,,,,,,,,,
.. Dự phòng giảm giá đầu tư ngắn hạn__1,,,,,,,,,,,,,,,,,,,,,
.. Giao dịch mua bán lại trái phiếu chính phủ__1,,,,,,,,,,,,,,,,,,,,,
.. Phải thu dài hạn nội bộ__1,,,,,,,,,,,,,,,,,,,,,
.. Chi phí xây dựng cơ bản dở dang__1,,,,,,,,737513349252.0,960623266726.0,541407938924.0,177681123545.0,18361558684.0,6269977273.0,6525034020.0,30523673967.0,9294545357.0,,,,,
. Các khoản đầu tư tài chính dài hạn__1,,,,,,,,10152255988.0,10343581298.0,8018390068.0,11858840506.0,9336394145.0,6517649499.0,,70000000000.0,30000000000.0,,,,,
. Đầu tư dài hạn khác__1,,,,,,,,3750000000.0,3750000000.0,3600000000.0,3000000000.0,2400000000.0,2400000000.0,,,,,,,,
.. Vay và nợ ngắn hạn__1,,,,,,,,498248844288.0,347495379106.0,314328839836.0,148111823423.0,107651428756.0,63416463388.0,27012890000.0,9900000000.0,5831000000.0,,,,,
.. Phải trả người bán__1,,,,,,,,104238472250.0,130512914688.0,54802740099.0,42980245931.0,34405432392.0,44762776394.0,59766237247.0,21984006233.0,34254472197.0,,,,,
.. Người mua trả tiền trước__1,,,,,,,,25421339431.0,31317268035.0,69124535618.0,52401153061.0,54679277900.0,58437798843.0,37669600016.0,31381997862.0,22778508780.0,,,,,
.. Chi phí phải trả__1,,,,,,,,46085117168.0,84976806569.0,13045804088.0,17931614790.0,1602805642.0,1075980082.0,3909021191.0,923935603.0,2592223634.0,,,,,
.. Phải trả nội bộ__1,,,,,,,,,,,,,,,,,,,,,
".. Các khoản phải trả, phải nộp ngắn hạn khác__1",,,,,,,,33789335059.0,25269185385.0,12047177494.0,45545759437.0,8227371450.0,7287832075.0,8481906887.0,13920876908.0,33464503309.0,,,,,
.. Quỹ khen thưởng phúc lợi__1,,,,,,,,-927008653.0,,,,1476723913.0,,,,75094459.0,,,,,
.. Giao dịch mua bán lại trái phiếu chính phủ__2,,,,,,,,,,,,,,,,,,,,,
.. Doanh thu chưa thực hiện__1,,,,,,,,,,,,,,,,,,,,,
. Quỹ thưởng ban quản lý điều hành công ty__1,,,,,,,,,,,,,,,,,,,,,
.. Phải trả dài hạn nội bộ__1,,,,,,,,,,,,,,,,,,,,,
.. Vay và nợ dài hạn__1,,,,,,,,1228776438613.0,740667147534.0,457890631011.0,228939536576.0,50402064987.0,67833459381.0,77548027593.0,140820687852.0,79035074400.0,,,,,
.. Thuế thu nhập hoãn lại phải trả__1,,,,,,,,,,,,,,,,,,,,,
.. Dự phòng trợ cấp mất việc làm__1,,,,,,,,,,,86380549.0,109673940.0,124649562.0,129411160.0,92252500.0,103574000.0,,,,,
.. Doanh thu chưa thực hiện__2,,,,,,,,,,,,,,,,,,,,,
.. Quỹ phát triển khoa học công nghệ__1,,,,,,,,,,,,,,,,,,,,,
. Vốn chủ sở hữu__1,,,,,,,,351271848400.0,175925286209.0,173232019005.0,187748516877.0,198821973284.0,197702822612.0,146101638046.0,105661290188.0,34705018130.0,,,,,
.. Vốn đầu tư của chủ sở hữu__1,,,,,,,,329999970000.0,150000000000.0,150000000000.0,150000000000.0,150000000000.0,150000000000.0,123863449775.0,104617880000.0,33784712162.0,,,,,
.. Thặng dư vốn cổ phần__1,,,,,,,,9550139279.0,10194388098.0,9537781581.0,8468567877.0,2431670000.0,2431670000.0,2348337000.0,,,,,,,
.. Vốn khác của chủ sở hữu__1,,,,,,,,,,,,,,,,,,,,,
.. Cổ phiếu quỹ (*)__1,,,,,,,,,,,,,,,,,,,,,
.. Chênh lệch đánh giá lại tài sản__1,,,,,,,,,,,,,,,,,,,,,
.. Chênh lệch tỷ giá hối đoái__1,,,,,,,,,,,,,,,,,,,,,
.. Quỹ đầu tư phát triển__1,,,,,,,,1136837313.0,4247989856.0,4247989856.0,4247989856.0,3690728985.0,3773714907.0,76707893.0,76707893.0,76707893.0,,,,,
.. Quỹ dự phòng tài chính__1,,,,,,,,9573337043.0,8436499730.0,8436499730.0,8436499730.0,7043347552.0,33361275.0,33361275.0,33361275.0,33361275.0,,,,,
.. Quỹ khác thuộc vốn chủ sở hữu__1,,,,,,,,,,,,,,,,,,,,,
.. Lợi nhuận sau thuế chưa phân phối__1,,,,,,,,1000444338.0,3035288098.0,998627411.0,16584338987.0,35645106320.0,41452956003.0,19768661676.0,922220593.0,799116372.0,,,,,
.. Nguồn vốn đầu tư XDCB__1,,,,,,,,11120427.0,11120427.0,11120427.0,11120427.0,11120427.0,11120427.0,11120427.0,11120427.0,11120427.0,,,,,
.. Quỹ hỗ trợ sắp xếp doanh nghiệp__1,,,,,,,,,,,,,,,,,,,,,
.. Quỹ dự trữ vốn điều lệ__1,,,,,,,,,,,,,,,,,,,,,
.. Quỹ khen thưởng phúc lợi__2,,,,,,,,,,,,,2406878741.0,578248500.0,184801989.0,,,,,,
I. LƯU CHUYỂN TIỀN TỪ HOẠT ĐỘNG KINH DOANH__1,,,,,,,,,,,,,,,,,,,,,
Lợi nhuận (lỗ) trước thuế__1,-3709325218.0,118150922655.0,96549019309.0,157212953092.0,183815429491.0,133402545836.0,85493198489.0,16490301258.0,2051374743.0,1734195096.0,,35809901665.0,58534281218.0,23882705047.0,,,,,,,
Điều chỉnh cho các khoản:__1,,,,,,,,,,,,,,,,,,,,,
Khấu hao tài sản cố định__1,104261761711.0,117090168339.0,129258584375.0,134399184999.0,144837421677.0,148510915507.0,87180923262.0,57000495092.0,35346153472.0,34164163430.0,32941503329.0,30539615274.0,27042017705.0,20522922930.0,,,,,,,
Các khoản dự phòng__1,1090240506.0,-12230458514.0,-12001874266.0,-918716397.0,11784759877.0,34731269168.0,857134834.0,956179742.0,4909728154.0,2087371787.0,147191293.0,1016089369.0,,,,,,,,,
"Lãi, lỗ từ đầu tư vào công ty liên kết__1",,,,,,,,,,,,,,,,,,,,,
(Lãi) lỗ chênh lệch tỷ giá hối đoái chưa thực hiện__1,,,,,,,1075300600.0,134646336.0,272269949.0,238228319.0,989455450.0,-405140143.0,321024556.0,23498592.0,,,,,,,
(Lãi)/lỗ từ hoạt động đầu tư/thanh lý tài sản cố định__1,-4846897355.0,-92302829975.0,-7772894111.0,-9670347175.0,-9607461225.0,-9007241320.0,-4880499818.0,-1168328707.0,2968971901.0,411050637.0,1307354337.0,-1775527550.0,-1029380830.0,37436967.0,,,,,,,
Chi phí lãi vay__1,191240329069.0,176938216469.0,200885083681.0,208824592233.0,213312570447.0,174535375266.0,111170203368.0,71671507730.0,23291768209.0,22329918875.0,30697202169.0,19050223209.0,11467225464.0,14239055233.0,,,,,,,
Các khoản giảm trừ khác__1,,,,,,,,,,,,,,,,,,,,,
Thu nhập từ lãi tiền gửi__1,,,,,,,,,,,,,,,,,,,,,
Phân bổ lợi thế thương mại__1,,,,,,,,,,,,,,,,,,,,,
Lãi lỗ thanh lý tài sản cố định__1,,,,,,,,,,,,,,,,,,,,,
Lợi nhuận (lỗ) từ hoạt động kinh doanh trước thay đổi vốn lưu động__1,288036108713.0,307646018974.0,406917918988.0,489847666752.0,544142720267.0,482172864457.0,280896260735.0,145084801451.0,68840266428.0,60964928144.0,75192388115.0,84235161824.0,96335168113.0,58705618769.0,,,,,,,
(Tăng) giảm các khoản phải thu__1,45861065192.0,-61628188585.0,-10121045592.0,-1967135069.0,-53362315547.0,454577982.0,7810328454.0,-93238728082.0,54815824062.0,-228888282105.0,-114663858634.0,-72930660633.0,-48926225035.0,-67614396779.0,,,,,,,
"Tăng, giảm chứng khoán tự doanh__1",,,,,,,,,,,,,,,,,,,,,
(Tăng) giảm hàng tồn kho__1,82593827124.0,-33023765063.0,-68147871941.0,-6617828420.0,-61507822183.0,26423371414.0,24339134329.0,50465660360.0,32813069892.0,-70757540381.0,-35035937471.0,20516424102.0,-44963109801.0,-20221467728.0,,,,,,,
"Tăng/(giảm) các khoản phải trả (không bao gồm lãi vay, thuế thu nhập doanh nghiệp phải trả)__1",48695621131.0,111942565983.0,65692832224.0,-158264941539.0,-10806080274.0,-157985749672.0,90485488450.0,-169573007729.0,242638876132.0,229927141663.0,76871637800.0,43549408588.0,1243048295.0,45176281124.0,,,,,,,
(Tăng) giảm chi phí trả trước__1,-17649551583.0,139001397375.0,-51197671788.0,-1279418595.0,-23528469902.0,-19778626213.0,-5293448321.0,4646322881.0,-38227707153.0,-22615757678.0,814445513.0,2408096558.0,-3111365007.0,519735328.0,,,,,,,
Tiền lãi vay đã trả__1,-166031907240.0,-138148585850.0,-212062644655.0,-210728579733.0,-211632405741.0,-171736165290.0,-109612899558.0,-69473305259.0,-24362964891.0,-35445893957.0,-33332988603.0,-18819100882.0,-11467225464.0,-14239055233.0,,,,,,,
Thuế thu nhập doanh nghiệp đã nộp__1,-4893785168.0,-21827258189.0,-25260369853.0,-11487560283.0,-37689818058.0,-32144727017.0,-205950260.0,-6461902775.0,-6200000000.0,,-4271591962.0,-10492455191.0,-3562339919.0,-2712446268.0,,,,,,,
Tiền thu khác từ hoạt động kinh doanh__1,,,,,,,8203622.0,1958864962.0,,65300000.0,575207034.0,,1008747527.0,1827177990.0,,,,,,,
Tiền chi khác cho hoạt động kinh doanh__1,-18694425517.0,-1911711981.0,-3844145472.0,-2110245486.0,-2435320731.0,1201462120.0,-2437268392.0,-3429717405.0,-1470118181.0,-1300480961.0,-1793368354.0,-2600524848.0,,,,,,,,,
Tăng tài sản ngắn hạn khác__1,,,,,,,,,,,,,,,,,,,,,
Chênh lệch tỷ giá trong giai đoạn đầu tư__1,,,,,,,,,,,,,,,,,,,,,
Lưu chuyển tiền thuần từ hoạt động kinh doanh__1,257916952653.0,302050472664.0,101977001911.0,97391957627.0,143180487831.0,128607007781.0,285989849059.0,-140021011596.0,328847246289.0,-68050585275.0,-35644066562.0,45866349518.0,-13443301291.0,1441447203.0,,,,,,,
II. LƯU CHUYỂN TIỀN TỪ HOẠT ĐỘNG ĐẦU TƯ__1,,,,,,,,,,,,-44641710021.0,-17435259364.0,20822306936.0,,,,,,,
"Tiền chi để mua sắm, xây dựng tài sản cố định__1",-395582738892.0,-499515061655.0,-301732921027.0,-115743564033.0,-544881895308.0,-492025904761.0,-865322459120.0,-651287688822.0,-495211993419.0,-342708127631.0,-176320584032.0,-42504891839.0,-22809077113.0,-50936978778.0,,,,,,,
"Tiền thu do thanh lý, nhượng bán TSCĐ và các tài sản dài hạn khác__1",2571200000.0,373259574776.0,10637400000.0,3000000000.0,318181818.0,4691909091.0,3047727272.0,1090909091.0,1627272727.0,8336818182.0,863636364.0,263181818.0,11373817749.0,1759285714.0,,,,,,,
"Tiền chi cho vay, mua các công cụ nợ của đơn vị khác__1",,,,,-77388423020.0,2500000000.0,-41000000000.0,-6000000000.0,,,,,,,,,,,,,
"Tiền thu hồi cho vay, bán lại công cụ nợ của đơn vị khác__1",5500000000.0,,,70500000000.0,12850000000.0,40000000000.0,,,,,,,,,,,,,,,
Tiền chi đầu tư góp vốn vào đơn vị khác__1,,,,,-13736720166.0,,,,-150000000.0,-6439726027.0,-600000000.0,-2400000000.0,-6000000000.0,,,,,,,,
Tiền thu do bán các khoản đầu tư góp vốn vào đơn vị khác__1,,,,14963150000.0,,,,,,,,,,70000000000.0,,,,,,,
"Tiền thu lãi cho vay, cổ tức và lợi nhuận được chia__1",3669564385.0,14411933486.0,7772894111.0,7355538374.0,9773286016.0,8836332229.0,1832800568.0,791230863.0,473581391.0,162725237.0,453473341.0,,,,,,,,,,
Tiền đầu tư xây dựng nhà xưởng__1,,,,,,,,,,,,,,,,,,,,,
. Tăng lợi ích của cổ đông thiếu số khi hợp nhất công ty con__1,,,,,,,,,,,,,,,,,,,,,
. Loại trừ lợi ích của cổ đông thiểu số khi thanh lý công ty con__1,,,,,,,,,,,,,,,,,,,,,
. Tiền mặt tại công ty con mua trong năm__1,,,,,,,,,,,,,,,,,,,,,
. Tiền thu do nhượng bán các khoản đầu tư vào công ty con__1,,,,,,,,,,,,,,,,,,,,,
. Tiền chi gửi ngắn hạn__1,,,,,,,,,,,,,,,,,,,,,
. Tiền thu lãi từ gửi ngắn hạn__1,,,,,,,,,,,,,,,,,,,,,
. Tiền chi mua tài sản khác__1,,,,,,,,,,,,,,,,,,,,,
. Giảm tiền gửi ngân hàng có kỳ hạn__1,,,,,,,,,,,,,,,,,,,,,
. Tiền chi để mua thêm cổ phần của công ty con__1,,,,,,,,,,,,,,,,,,,,,
". Tiền thu từ các khoản ký gửi, ký quỹ dài hạn__1",,,,,,,,,,,,,,,,,,,,,
. Tiền gửi ngắn hạn__1,,,,,,,,,,,,,,,,,,,,,
. Rút tiền gửi ngắn hạn__1,,,,,,,,,,,,,,,,,,,,,
. Tiền thu từ chuyển quyền góp vốn vào dự án__1,,,,,,,,,,,,,,,,,,,,,
Lưu chuyển tiền thuần từ hoạt động đầu tư__1,-383841974507.0,-111843553393.0,-283322626916.0,-19924875659.0,-613065570660.0,-435997663441.0,-901441931280.0,-655405548868.0,-493261139301.0,-340648310239.0,-175603474327.0,-44641710021.0,-17435259364.0,20822306936.0,,,,,,,
III. LƯU CHUYỂN TIỀN TỪ HOẠT ĐỘNG TÀI CHÍNH__1,,,,,,,,,,,,,,,,,,,,,
"Tiền thu từ phát hành cổ phiếu, nhận góp vốn của chủ sở hữu__1",3030000000.0,15720000000.0,,,509895000000.0,216088200000.0,,165000000000.0,,,46984000000.0,1350000000.0,26136550225.0,19245569775.0,,,,,,,
"Tiền chi trả vốn góp cho các chủ sở hữu, mua lại cổ phiếu của doanh nghiệp của doanh nghiệp đã phát hành__1",791217872984.0,-157536000000.0,-1300000000.0,,,,,,,,,,,,,,,,,,
Tiền thu từ nhận góp vốn liên doanh__1,,,,,,,,,,,,,,,,,,,,,
"Tiền vay ngắn hạn, dài hạn nhận được__1",,1577546752060.0,544817657127.0,445600714165.0,743666749074.0,885817431341.0,2040897780067.0,1035666280327.0,714066395681.0,732288373992.0,511018734830.0,274640141776.0,109660019255.0,90220070447.0,,,,,,,
Tiền chi trả nợ gốc vay__1,-565866935927.0,-1330621575732.0,-545463815004.0,-469550340757.0,-634416465759.0,-592664593332.0,-1458084704596.0,-396803524066.0,-398395609837.0,-330820263144.0,-292020868574.0,-248814549018.0,-83292038635.0,-136379840706.0,,,,,,,
Tiền chi trả nợ thuê tài chính__1,-6474501431.0,-28655130681.0,-9519600000.0,,,,,,,,,,,,,,,,,,
Tiền chi cho đầu tư ngắn hạn__1,,,,,,,,,,,,,,,,,,,,,
"Cổ tức, lợi nhuận đã trả cho chủ sở hữu__1",-62492797000.0,-165865908800.0,-48251238480.0,,-132038125100.0,-56024063621.0,-36051013150.0,,-400000000.0,-14886026476.0,-22385600000.0,-24000000000.0,-18482082787.0,,,,,,,,
"Cổ tức, lợi nhuận đã trả cho cổ đông thiểu số__1",,,,,,,,,,,,,,,,,,,,,
Nhận vốn góp của cổ đông thiểu số__1,,,,,,,,,,,,,,,,,,,,,
Chi khác từ lợi nhuận chưa phân phối__1,,,,,,,,,,,,,,,,,,,,,
Tiền thu từ lãi tiền gửi__1,,,,,,,,,,,,,,,,,,,,,
Lưu chuyển tiền thuần từ/(sử dụng vào) hoạt động tài chính__1,159413638626.0,-89411863153.0,-59716996357.0,-23949626592.0,487107158215.0,453216974388.0,546762062321.0,803862756261.0,315270785844.0,386582084372.0,243596266256.0,3175592758.0,34022448058.0,-26914200484.0,,,,,,,
Lưu chuyển tiền thuần trong năm__1,33488616772.0,100795056118.0,-241062621362.0,53517455376.0,17222075386.0,145826318728.0,-68690019900.0,8436195797.0,150856892832.0,-22116811142.0,32348725367.0,4400232255.0,3143887403.0,-4650446345.0,,,,,,,
Tiền và tương đương tiền đầu năm__1,184276627829.0,83481571711.0,324544193073.0,271026737697.0,253804662311.0,110381267823.0,179071287723.0,170635091926.0,19778199094.0,41895010236.0,9546284869.0,5146052614.0,2002165211.0,6676110148.0,,,,,,,
Ảnh hưởng của thay đổi tỷ giá hối đoái quy đổi ngoại tệ__1,,,,,,,,,,,,,,-23498592.0,,,,,,,
Chênh lệch tỷ giá chuyển đối báo cáo tài chính__1,,,,,,,,,,,,,,,,,,,,,
Tiền và tương đương tiền cuối năm__1,217765244601.0,184276627829.0,83481571711.0,324544193073.0,271026737697.0,256207586551.0,110381267823.0,179071287723.0,170635091926.0,19778199094.0,41895010236.0,9546284869.0,5146052614.0,2002165211.0,,,,,,,
I. Lưu chuyển tiền từ hoạt động kinh doanh__1,,,,,,,,,,,,,,,,,,,,,
". Tiền thu từ bán hàng, cung cấp dịch vụ và doanh thu khác__1",,,,,,,,,,,,,,,,110422445602.0,,,,,
. Tiền chi trả cho người cung cấp hàng hóa và dịch vụ__1,,,,,,,,,,,,,,,,-50163095297.0,,,,,
. Tiền chi trả cho người lao động__1,,,,,,,,,,,,,,,,-7550493800.0,,,,,
. Tiền chi trả lãi vay__1,,,,,,,,,,,,,,,,-1470712320.0,,,,,
. Tiền chi nộp thuế thu nhập doanh nghiệp__1,,,,,,,,,,,,,,,,-52500000.0,,,,,
. Tiền thu khác từ hoạt động kinh doanh__1,,,,,,,,,,,,,,,,12330640214.0,,,,,
. Tiền chi khác cho hoạt động kinh doanh__1,,,,,,,,,,,,,,,,-47834697217.0,,,,,
Lưu chuyển tiền thuần từ hoạt động kinh doanh__1,,,,,,,,,,,,,,,,15681587182.0,,,,,
II. LƯU CHUYỂN TIỀN TỪ HOẠT ĐỘNG ĐẦU TƯ__1,,,,,,,,,,,,,,,,,,,,,
"Tiền chi để mua sắm, xây dựng tài sản cố định__1",,,,,,,,,,,,,,,,-30835705640.0,,,,,
"Tiền thu do thanh lý, nhượng bán TSCĐ và các tài sản dài hạn khác__1",,,,,,,,,,,,,,,,71236855.0,,,,,
"Tiền chi cho vay, mua các công cụ nợ của đơn vị khác__1",,,,,,,,,,,,,,,,,,,,,
"Tiền thu hồi cho vay, bán lại công cụ nợ của đơn vị khác__1",,,,,,,,,,,,,,,,,,,,,
Tiền chi đầu tư góp vốn vào đơn vị khác__1,,,,,,,,,,,,,,,,,,,,,
Tiền thu do bán các khoản đầu tư góp vốn vào đơn vị khác__1,,,,,,,,,,,,,,,,,,,,,
"Tiền thu lãi cho vay, cổ tức và lợi nhuận được chia__1",,,,,,,,,,,,,,,,11810979.0,,,,,
Tiền đầu tư xây dựng nhà xưởng__1,,,,,,,,,,,,,,,,,,,,,
. Tăng lợi ích của cổ đông thiếu số khi hợp nhất công ty con__1,,,,,,,,,,,,,,,,,,,,,
. Loại trừ lợi ích của cổ đông thiểu số khi thanh lý công ty con__1,,,,,,,,,,,,,,,,,,,,,
. Tiền mặt tại công ty con mua trong năm__1,,,,,,,,,,,,,,,,,,,,,
. Tiền thu do nhượng bán các khoản đầu tư vào công ty con__1,,,,,,,,,,,,,,,,,,,,,
. Tiền chi gửi ngắn hạn__1,,,,,,,,,,,,,,,,,,,,,
. Tiền thu lãi từ gửi ngắn hạn__1,,,,,,,,,,,,,,,,,,,,,
. Tiền chi mua tài sản khác__1,,,,,,,,,,,,,,,,,,,,,
. Giảm tiền gửi ngân hàng có kỳ hạn__1,,,,,,,,,,,,,,,,,,,,,
. Tiền chi để mua thêm cổ phần của công ty con__1,,,,,,,,,,,,,,,,,,,,,
". Tiền thu từ các khoản ký gửi, ký quỹ dài hạn__1",,,,,,,,,,,,,,,,,,,,,
. Tiền gửi ngắn hạn__1,,,,,,,,,,,,,,,,,,,,,
. Rút tiền gửi ngắn hạn__1,,,,,,,,,,,,,,,,,,,,,
. Tiền thu từ chuyển quyền góp vốn vào dự án__1,,,,,,,,,,,,,,,,,,,,,
Lưu chuyển tiền thuần từ hoạt động đầu tư__1,,,,,,,,,,,,,,,,-30752657805.0,,,,,
III. LƯU CHUYỂN TIỀN TỪ HOẠT ĐỘNG TÀI CHÍNH__1,,,,,,,,,,,,,,,,,,,,,
"Tiền thu từ phát hành cổ phiếu, nhận góp vốn của chủ sở hữu__1",,,,,,,,,,,,,,,,9685130000.0,,,,,
"Tiền chi trả vốn góp cho các chủ sở hữu, mua lại cổ phiếu của doanh nghiệp của doanh nghiệp đã phát hành__1",,,,,,,,,,,,,,,,-30000000000.0,,,,,
Tiền thu từ nhận góp vốn liên doanh__1,,,,,,,,,,,,,,,,,,,,,
"Tiền vay ngắn hạn, dài hạn nhận được__1",,,,,,,,,,,,,,,,49762634377.0,,,,,
Tiền chi trả nợ gốc vay__1,,,,,,,,,,,,,,,,-17728300000.0,,,,,
Tiền chi trả nợ thuê tài chính__1,,,,,,,,,,,,,,,,,,,,,
Tiền chi cho đầu tư ngắn hạn__1,,,,,,,,,,,,,,,,,,,,,
"Cổ tức, lợi nhuận đã trả cho chủ sở hữu__1",,,,,,,,,,,,,,,,,,,,,
"Cổ tức, lợi nhuận đã trả cho cổ đông thiểu số__1",,,,,,,,,,,,,,,,,,,,,
Nhận vốn góp của cổ đông thiểu số__1,,,,,,,,,,,,,,,,,,,,,
Chi khác từ lợi nhuận chưa phân phối__1,,,,,,,,,,,,,,,,,,,,,
Tiền thu từ lãi tiền gửi__1,,,,,,,,,,,,,,,,,,,,,
Lưu chuyển tiền thuần từ/(sử dụng vào) hoạt động tài chính__1,,,,,,,,,,,,,,,,11719464377.0,,,,,
Lưu chuyển tiền thuần trong năm__1,,,,,,,,,,,,,,,,-3351606247.0,,,,,
Tiền và tương đương tiền đầu năm__1,,,,,,,,,,,,,,,,4481351974.0,,,,,
Ảnh hưởng của thay đổi tỷ giá hối đoái quy đổi ngoại tệ__1,,,,,,,,,,,,,,,,,,,,,
Chênh lệch tỷ giá chuyển đối báo cáo tài chính__1,,,,,,,,,,,,,,,,,,,,,
Tiền và tương đương tiền cuối năm__1,,,,,,,,,,,,,,,,1129745727.0,,,,,
