field,[2021],[2020],[2019],[2018],[2017],[2016],[2015],[2014],[2013],[2012],[2011],[2010],[2009],[2008],[2007],[2006],[2005],[2004],[2003],[2002],[2001]
. Doanh thu bán hàng và cung cấp dịch vụ__1,10961929700091.0,10189067019482.0,7299931189964.0,6795512334046.0,5959707636582.0,6396914477362.0,5863191770258.0,5285937484946.0,4838039797927.0,5538849128867.0,4047660722223.0,2570934180986.0,1781678693218.0,1492225410047.0,987778036424.0,604057183106.0,,,,,
. Các khoản giảm trừ doanh thu__1,149135106950.0,167483513799.0,113174016215.0,121206863230.0,104242501087.0,140991882568.0,71799240970.0,167166736924.0,133759761584.0,764498345131.0,129674769677.0,53156854782.0,67148820964.0,53058932249.0,28491012608.0,20914121198.0,,,,,
. Doanh thu thuần về bán hàng và cung cấp dịch vụ__1,10812794593141.0,10021583505683.0,7186757173749.0,6674305470816.0,5855465135495.0,6255922594794.0,5791392529288.0,5118770748022.0,4704280036343.0,4774350783736.0,3917985952546.0,2517777326204.0,1714529872254.0,1439166477798.0,959287023816.0,583143061908.0,,,,,
. Giá vốn hàng bán__1,8959835563715.0,7463897833139.0,6020208085226.0,5595581185533.0,5091990790863.0,5440988453186.0,5090939741579.0,4530703274465.0,4194663964427.0,4207745752626.0,3468681249839.0,2171832483774.0,1521339628783.0,1283251155318.0,873942686115.0,543364874930.0,,,,,
. Lợi nhuận gộp về bán hàng và cung cấp dịch vụ__1,1852959029426.0,2557685672544.0,1166549088523.0,1078724285283.0,763474344632.0,814934141608.0,700452787709.0,588067473557.0,509616071916.0,566605031110.0,449304702707.0,345944842430.0,193190243471.0,155915322480.0,85344337701.0,39778186978.0,,,,,
. Doanh thu hoạt động tài chính__1,25013151689.0,29935190655.0,27480285000.0,40781927222.0,66922417993.0,44142951647.0,17386001398.0,17791336498.0,30808322702.0,57239886591.0,68326052178.0,20225434134.0,5939341333.0,4604486127.0,1398618630.0,484969329.0,,,,,
. Chi phí tài chính__1,199009893014.0,319611291711.0,294872857938.0,192635924873.0,119958870054.0,112795922720.0,123034853426.0,122944276822.0,126066660776.0,141679488592.0,139681068232.0,75987835981.0,38622908487.0,51833402899.0,23977300445.0,9729141879.0,,,,,
- Trong đó: Chi phí lãi vay__1,182283276266.0,309819328258.0,-281784606072.0,-188946659079.0,,110901027505.0,94146779399.0,117394205455.0,117662773757.0,138290408699.0,120666280846.0,70612379390.0,38622908487.0,46384750652.0,22053611116.0,9103546318.0,,,,,
". Phần lãi lỗ hoặc lỗ trong công ty liên doanh, liên kết__1",4904603405.0,929362507.0,1249765000.0,,,,,,,,,,,,,,,,,,
. Chi phí bán hàng__1,405236274419.0,380425428122.0,267546339711.0,258384611438.0,210292556195.0,182509153700.0,148137106928.0,110836389729.0,92029872259.0,80926115192.0,65520703794.0,45221364579.0,34027029536.0,30281380957.0,22228261887.0,14699921177.0,,,,,
. Chi phí quản lý doanh nghiệp__1,344480753443.0,339149837912.0,293922671278.0,281328855897.0,224532661301.0,191919370188.0,164055888832.0,132572721606.0,107654387035.0,112271397477.0,92667363459.0,54953166266.0,36502295977.0,20378652978.0,15833937704.0,8066665530.0,,,,,
. Lợi nhuận thuần từ hoạt động kinh doanh__1,934149863644.0,1549363667961.0,338937269596.0,387156820297.0,275612675075.0,371852646647.0,282610939921.0,239505421898.0,214673474548.0,288967916440.0,219761619400.0,190007909738.0,89977350804.0,58026371773.0,24703456295.0,7767427721.0,,,,,
. Thu nhập khác__1,47120526924.0,5749436871.0,6690778889.0,14617568062.0,9953007830.0,151299350329.0,3039636862.0,95057306810.0,84614465600.0,44564014733.0,39226060289.0,31053497189.0,8270728669.0,8532580593.0,5114134890.0,3952904371.0,,,,,
. Chi phí khác__1,1585776115.0,1139770529.0,576601928.0,8415674046.0,6765542868.0,400905985.0,2033366403.0,85406400399.0,58719561491.0,27911945863.0,21227738901.0,18682911926.0,6693773963.0,5640724592.0,2812102885.0,1642209336.0,,,,,
. Lợi nhuận khác__1,45534750809.0,4609666342.0,6114176961.0,6201894016.0,3187464962.0,150898444344.0,1006270459.0,9650906411.0,25894904109.0,16652068870.0,17998321388.0,12370585263.0,1576954706.0,2891856001.0,2302032005.0,2310695035.0,,,,,
. Tổng lợi nhuận kế toán trước thuế__1,979684614453.0,1553973334303.0,345051446557.0,393358714313.0,278800140037.0,522751090991.0,283617210380.0,249156328309.0,240568378657.0,305619985310.0,237759940788.0,202378495001.0,91554305510.0,60918227774.0,27005488300.0,10078122756.0,,,,,
. Chi phí thuế TNDN hiện hành__1,150126680007.0,153677301975.0,39921204333.0,33123360160.0,78694917947.0,71532464645.0,30781639175.0,43383224188.0,49418714325.0,55881370463.0,17329666533.0,26077809442.0,9857805594.0,6764218850.0,3443158611.0,,,,,,
. Chi phí thuế TNDN hoãn lại__1,,,,,,,,,,,,,,,,,,,,,
. Lợi nhuận sau thuế thu nhập doanh nghiệp__1,829557934446.0,1400296032328.0,305130242224.0,360235354153.0,200105222090.0,451218626346.0,252835571205.0,205773104121.0,191149664332.0,249738614847.0,220430274255.0,176300685559.0,81696499916.0,54154008924.0,23562329689.0,10078122756.0,,,,,
. Lợi ích của cổ đông thiểu số__1,,,,,,,,,,,,,,,,,,,,,
. Lợi nhuận sau thuế của công ty mẹ__1,829557934446.0,1400296032328.0,305130242224.0,360235354153.0,200105222090.0,451218626346.0,252835571205.0,205773104121.0,191149664332.0,249738614847.0,220430274255.0,176300685559.0,81696499916.0,54154008924.0,23562329689.0,10078122756.0,,,,,
. Lãi cơ bản trên cổ phiếu__1,7199.0,13366.0,3349.0,4350.0,2416.0,5993.0,4030.0,3280.0,3142.0,5221.0,5332.0,6928.0,3210.0,5731.0,2493.0,1487.0,,,,,
. Lãi suy giảm trên cổ phiếu__1,,13366.0,3349.0,4350.0,2416.0,5993.0,,,,,,,,,,,,,,,
. Cổ tức__1,,,,,,,,,,,,,,,,,,,,,
. Phần lãi (lỗ thuần) trong công ty liên doanh/liên kết__1,,,,,,,,,,,,,,,,,,,,,
I - TÀI SẢN NGẮN HẠN__1,5637467418086.0,4653090308712.0,4377863152608.0,3771110157571.0,3327953697400.0,3228355446050.0,3118937874056.0,2976238692579.0,3016460606051.0,2741605677587.0,2449793352107.0,1303858717527.0,845825718057.0,531615721442.0,420152786899.0,213035201980.0,,,,,
. Tiền và các khoản tương đương tiền__1,200057089304.0,232603906243.0,165286575787.0,150005137485.0,225860064701.0,279750579921.0,146261183367.0,280739533245.0,137189145674.0,551972480142.0,490322035548.0,213147169656.0,387042028243.0,133181029362.0,64407135824.0,15513578873.0,,,,,
..Tiền__1,197212389304.0,232603906243.0,165286575787.0,150005137485.0,155860064701.0,279750579921.0,116261183367.0,57739533245.0,121089542182.0,136972480142.0,66967936248.0,213147169656.0,387042028243.0,74367649362.0,64407135824.0,15513578873.0,,,,,
..Các khoản tương đương tiền__1,2844700000.0,,,,70000000000.0,,30000000000.0,223000000000.0,16099603492.0,415000000000.0,423354099300.0,,,58813380000.0,,,,,,,
. Các khoản đầu tư tài chính ngắn hạn__1,577082813041.0,537359256478.0,484800574115.0,378373060065.0,412960275514.0,369523819498.0,273332627489.0,88000555552.0,406222775000.0,,,,,,,,,,,,
.. Chứng khoán kinh doanh__1,,,,,,,,,,,,,,,,,,,,,
.. Dự phòng giảm giá chứng khoán kinh doanh__1,,,,,,,,,,,,,,,,,,,,,
.. Đầu tư nắm giữ đến ngày đáo hạn__1,577082813041.0,537359256478.0,484800574115.0,378373060065.0,412960275514.0,,273332627489.0,,,,,,,,,,,,,,
. Các khoản phải thu ngắn hạn__1,583718164395.0,450942177264.0,410975729367.0,346280162569.0,568369376246.0,595261641829.0,425348123473.0,418439125791.0,517159773932.0,540213655407.0,364974178068.0,398107832234.0,87577435717.0,173188867318.0,43876567965.0,32782557833.0,,,,,
..Phải thu khách hàng__1,319928971206.0,212526325870.0,211690746088.0,150319692022.0,377433670840.0,374679675871.0,296400072023.0,335191044826.0,424083031901.0,440012898322.0,201327263786.0,233600749422.0,31264493795.0,54577373532.0,29877881827.0,19327445671.0,,,,,
..Trả trước cho người bán__1,180498156298.0,163264413730.0,106159192629.0,123133906708.0,107371027522.0,120517664578.0,57356490783.0,75332734273.0,81794410513.0,110972058993.0,138741406447.0,138467866081.0,55351601086.0,117263346404.0,13814015449.0,12586121815.0,,,,,
.. Phải thu nội bộ ngắn hạn__1,,,,,,,,,,,,,,,,,,,,,
.. Phải thu theo tiến độ Kế hoạch hợp đồng xây dựng__1,,,,,,,,,,,,,,,,,,,,,
. Phải thu về cho vay ngắn hạn__1,,,,,,,,,,,,,,,,,,,,,
.. Các khoản phải thu khác__1,83291036891.0,75151437664.0,93125790650.0,72826563839.0,83564677884.0,100064301380.0,71591560667.0,7915346692.0,11282331518.0,4228698092.0,24905507835.0,26039216731.0,961340836.0,1348147382.0,184670689.0,868990347.0,,,,,
.. Dự phòng phải thu ngắn hạn khó đòi__1,,,,,,,,,,-15000000000.0,,,,,,,,,,,
. Tài sản thiếu chờ xử lý__1,,,,,,,,,,,,,,,,,,,,,
. Hàng tồn kho__1,4203442852223.0,3348892720551.0,3128239779920.0,2701421140647.0,2037872432223.0,1937658395282.0,2248878404178.0,2142649910396.0,1884556518753.0,1614068815745.0,1542081935357.0,667400608977.0,344506524155.0,214010802506.0,297124215097.0,155051036175.0,,,,,
.. Hàng tồn kho__1,4203442852223.0,3348892720551.0,3128239779920.0,2701421140647.0,2043872432223.0,1937658395282.0,2248878404178.0,2142649910396.0,1884556518753.0,,1542081935357.0,667400608977.0,344506524155.0,214010802506.0,297124215097.0,155051036175.0,,,,,
.. Dự phòng giảm giá hàng tồn kho__1,,,,,-6000000000.0,,,,,,,,,,,,,,,,
. Tài sản ngắn hạn khác__1,73166499123.0,83292248176.0,188560493419.0,195030656805.0,82891548716.0,46161009520.0,25117535549.0,46409567595.0,71332392692.0,35350726293.0,52415203134.0,25203106660.0,26699729942.0,11235022256.0,14744868013.0,9688029099.0,,,,,
.. Chi phí trả trước ngắn hạn__1,20679090563.0,12442812541.0,22617637950.0,48417845755.0,6075777332.0,9771811726.0,5516367249.0,4751819053.0,3357552571.0,1941626815.0,2551792963.0,2476697915.0,1283038754.0,575292975.0,999055843.0,2749652407.0,,,,,
.. Thuế GTGT được khấu trừ__1,42711312098.0,64445462719.0,157551030549.0,143213006458.0,69475639604.0,33201430014.0,14589546584.0,1265213184.0,16523794098.0,4021384270.0,10331346954.0,2251465174.0,687368434.0,504271664.0,3806317.0,3703674982.0,,,,,
.. Thuế và các khoản khác phải thu Nhà nước__1,5095387535.0,,,,,8084172.0,8084172.0,8084172.0,,,3058882.0,146763648.0,,,,,,,,,
. Giao dịch mua bán lại trái phiếu Chính phủ__1,,,,,,,,,,,,,,,,,,,,,
.. Tài sản ngắn hạn khác__1,4680708927.0,6403972916.0,8391824920.0,3399804592.0,7340131780.0,3179683608.0,5003537544.0,40384451186.0,51451046023.0,29387715208.0,39529004335.0,20328179923.0,24729322754.0,10155457617.0,13742005853.0,3234701710.0,,,,,
II - TÀI SẢN DÀI HẠN__1,5225086874069.0,5448180986529.0,5214061770392.0,4578903291616.0,3661262259814.0,2300916377409.0,1496272853026.0,1244123005933.0,997336545012.0,808899437785.0,752068352892.0,846344937798.0,548763306935.0,280928230759.0,199221200884.0,144868589385.0,,,,,
. Các khoản phải thu dài hạn__1,16136866468.0,14103866468.0,13866650588.0,3085593000.0,6573538999.0,5951779999.0,5446121000.0,,,,,,,,,,,,,,
.. Phải thu dài hạn của khách hàng__1,,,,,,,5446121000.0,,,,,,,,,,,,,,
. Trả trước cho người bán dài hạn__1,,,,,,,,,,,,,,,,,,,,,
.. Vốn kinh doanh ở đơn vị trực thuộc__1,,,,,,,,,,,,,,,,,,,,,
.. Phải thu nội bộ dài hạn__1,,,,,,,,,,,,,,,,,,,,,
. Phải thu về cho vay dài hạn__1,,,,,,,,,,,,,,,,,,,,,
.. Phải thu dài hạn khác__1,16136866468.0,14103866468.0,13866650588.0,3085593000.0,6573538999.0,5951779999.0,,,,,,,,,,,,,,,
.. Dự phòng phải thu khó đòi__1,,,,,,,,,,,,,,,,,,,,,
. Tài sản cố định__1,4581980825706.0,4455469171562.0,4560876876636.0,3225441438338.0,2528553445997.0,1400713615637.0,1166313800521.0,1217054610471.0,977475046232.0,788769563983.0,731450701204.0,824472484135.0,523610232926.0,265066907787.0,185834123121.0,139447443688.0,,,,,
.. Tài sản cố định hữu hình__1,4176382903859.0,3934882197498.0,3952077043860.0,2802420893821.0,2202375023402.0,1135888668281.0,898255375494.0,866681028014.0,851967553229.0,706183848451.0,670305180087.0,579714290447.0,368926003361.0,218993554672.0,181299518296.0,133195525617.0,,,,,
- Nguyên giá__1,6322167278075.0,5615332662752.0,5201455262018.0,3837523103796.0,3042616758542.0,1916005822696.0,1533094314920.0,1371359941227.0,1248877504990.0,1006588571047.0,896224833860.0,742197501540.0,502167274921.0,314690462787.0,249959279242.0,182694711674.0,,,,,
- Giá trị hao mòn luỹ kế__1,-2145784374216.0,-1680450465254.0,-1249378218158.0,-1035102209975.0,-840241735140.0,-780117154415.0,-634838939426.0,-504678913213.0,-396909951761.0,-300404722596.0,-225919653773.0,-162483211093.0,-133241271560.0,-95696908115.0,-68659760946.0,-49499186057.0,,,,,
.. Tài sản cố định thuê tài chính__1,405597921847.0,520586974064.0,608799832776.0,423020544517.0,326178422595.0,264824947356.0,268058425027.0,192743249919.0,51720690501.0,,,,,,,,,,,,
- Nguyên giá__2,576317109341.0,686735194273.0,756874248265.0,557969321977.0,444127339134.0,370828386074.0,320989635113.0,209517057577.0,53137677346.0,,,,,,,,,,,,
- Giá trị hao mòn luỹ kế__2,-170719187494.0,-166148220209.0,-148074415489.0,-134948777460.0,-117948916539.0,-106003438718.0,-52931210086.0,-16773807658.0,-1416986845.0,,,,,,,,,,,,
.. Tài sản cố định vô hình__1,,,,,,,,,,1567261902.0,1601909250.0,1636556598.0,18115792064.0,,,15394999.0,,,,,
- Nguyên giá__3,,,,,,,,,,1732367401.0,1732367401.0,1732367401.0,18176955519.0,,153950000.0,153950000.0,,,,,
- Giá trị hao mòn luỹ kế__3,,,,,,,,,,-165105499.0,-130458151.0,-95810803.0,-61163455.0,,-153950000.0,-138555001.0,,,,,
. Bất động sản đầu tư__1,,,,,,,,,,,,,,,,,,,,,
- Nguyên giá__4,,,,,,,,,,,,,,,,,,,,,
- Giá trị hao mòn luỹ kế__4,,,,,,,,,,,,,,,,,,,,,
. Tài sản dở dang dài hạn__1,467927575923.0,778930712642.0,499933115323.0,1213348243514.0,966748412948.0,857733716688.0,306733618251.0,,,,,,,,,,,,,,
". Chi phí sản xuất, kinh doanh dở dang dài hạn__1",,,,,,,,,,,,,,,,,,,,,
. Chi phí xây dựng cơ bản dở dang__1,467927575923.0,778930712642.0,499933115323.0,1213348243514.0,966748412948.0,857733716688.0,306733618251.0,,,,,,,,,,,,,,
. Đầu tư tài chính dài hạn__1,105317423994.0,102412820589.0,86483458082.0,87233693082.0,87233693082.0,20600000000.0,600000000.0,,,,,,,,,,,,,,
. Đầu tư vào công ty con__1,,,,,,,,,,,,,,,3605000000.0,,,,,,
". Đầu tư vào công ty liên kết, liên doanh__1",105317423994.0,102412820589.0,86483458082.0,87233693082.0,87233693082.0,20000000000.0,,,,,,,,,9431200000.0,,,,,,
. Đầu tư góp vốn vào đơn vị khác__1,,,,,,,,,,,,,,,,,,,,,
. Dự phòng giảm giá đầu tư dài hạn__1,,,,,,,,,,,,,,,,,,,,,
. Đầu tư nắm giữ đến ngày đáo hạn__1,,,,,,600000000.0,600000000.0,,,,,,,,,,,,,,
. Tài sản dài hạn khác__1,53724181978.0,97264415268.0,52901669763.0,49794323682.0,72153168788.0,15917265085.0,17179313254.0,21159434093.0,12770745133.0,9328704263.0,8634689874.0,8819696191.0,6427324262.0,3931622972.0,350877763.0,3411145697.0,,,,,
. Chi phí trả trước dài hạn__1,53724181978.0,97264415268.0,52901669763.0,48612531433.0,69789584259.0,12371888276.0,12452144165.0,15713313093.0,12770745133.0,9328704263.0,8634689874.0,8819696191.0,6427324262.0,3931622972.0,350877763.0,3411145697.0,,,,,
. Tài sản thuế thu nhập hoãn lại__1,,,,,,,,,,,,,,,,,,,,,
". Thiết bị, vật tư, phụ tùng thay thế dài hạn__1",,,,,,,,,,,,,,,,,,,,,
. Tài sản dài hạn khác__2,,,,,,,,5446121000.0,,,,,,,,,,,,,
". Ký quỹ, ký cược dài hạn__1",,,,,,,,,,,,,,,,,,,,,
. Lợi thế thương mại__1,,,,1181792249.0,2363584529.0,3545376809.0,4727169089.0,5908961369.0,7090753647.0,8272545922.0,9454338197.0,10636130472.0,11817922747.0,,,,,,,,
Tổng cộng tài sản__1,10862554292155.0,10101271295241.0,9591924923000.0,8350013449187.0,6989215957214.0,5529271823459.0,4615210727082.0,4220361698512.0,4013797151063.0,3550505115372.0,3201861704999.0,2150203655325.0,1394589024992.0,812543952201.0,619373987783.0,357903791365.0,,,,,
I - NỢ PHẢI TRẢ__1,6176631172021.0,5894311104553.0,6565967444140.0,5603485031551.0,4486599351977.0,3190129918957.0,2668763190851.0,2390099865524.0,2291138632781.0,2174183246443.0,1970716265307.0,1374876801212.0,771581014493.0,510820137620.0,479004063344.0,276183848815.0,,,,,
. Nợ ngắn hạn__1,5171698802616.0,4254585526684.0,4819677610567.0,4075302630398.0,3462415430265.0,2629726611851.0,2410964470019.0,2214923420923.0,2160103708517.0,2025079752628.0,1458560660352.0,940977224341.0,538980442582.0,348338815021.0,405365921964.0,223830435195.0,,,,,
.. Phải trả người bán ngắn hạn__1,1392462971688.0,1012195989287.0,911471772009.0,923066017552.0,564133761601.0,318465823911.0,533868654105.0,,,,,,,,,,,,,,
.. Người mua trả tiền trước ngắn hạn__1,587892997501.0,551700415109.0,409518549142.0,207002414629.0,132251259340.0,146773275335.0,18943829017.0,,,,,,,,,,,,,,
..Thuế và các khoản phải nộp Nhà nước__1,79595359969.0,139469312438.0,16947122909.0,28615521027.0,64929269084.0,43162156602.0,30261135514.0,50119681767.0,65416143782.0,55062394815.0,37362106980.0,73593207556.0,11951159036.0,9549001591.0,10397574630.0,281143992.0,,,,,
.. Phải trả người lao động__1,108528018556.0,107242325439.0,68008963209.0,51473030174.0,61932931356.0,59356318445.0,36330229654.0,30944486013.0,31156827465.0,25108498329.0,39043399957.0,13308480240.0,10810260458.0,6916444193.0,2902989215.0,2713527933.0,,,,,
.. Chi phí phải trả ngắn hạn__1,76535166955.0,63513690868.0,100928013516.0,50130284201.0,93182143087.0,44992869107.0,104281720548.0,,,,,,,,,,,,,,
.. Phải trả nội bộ ngắn hạn__1,,,,,,,,,,,,,,,,,,,,,
.. Phải trả theo tiến độ kế hoạch hợp đồng xây dựng__1,,,,,,,,,,,,,,,,,,,,,
.. Doanh thu chưa thực hiện ngắn hạn__1,,,,,,,,,,,,,,,,,,,,,
.. Phải trả ngắn hạn khác__1,237509235531.0,200407630424.0,31895577346.0,58155368506.0,234542842167.0,243673194072.0,158578359433.0,,,,,,,,,,,,,,
.. Vay và nợ thuê tài chính ngắn hạn__1,2599459320679.0,2157941495382.0,3237818548314.0,2710566910187.0,2293804036508.0,1758904536941.0,1509505245347.0,,,,,,,,,,,,,,
.. Dự phòng phải trả ngắn hạn__1,,,,46293084122.0,,,,,,,,,,1277498003.0,,,,,,,
". Quỹ khen thưởng, phúc lợi__1",89715731737.0,22114667737.0,43089064122.0,,17639187122.0,14398437438.0,19195296401.0,,,,,,,,,,,,,,
.. Quỹ bình ổn giá__1,,,,,,,,,,,,,,,,,,,,,
.. Giao dịch mua bán lại trái phiếu Chính phủ__1,,,,,,,,,,,,,,,,,,,,,
. Nợ dài hạn__1,1004932369405.0,1639725577869.0,1746289833573.0,1528182401153.0,1024183921712.0,560403307106.0,257798720832.0,175176444601.0,131034924264.0,149103493815.0,512155604955.0,433899576871.0,232600571911.0,162481322599.0,73638141380.0,52353413620.0,,,,,
.. Phải trả dài hạn người bán__1,,,,,,,,,,,,,,,,,,,,,
. Người mua trả tiền trước dài hạn__1,,,,,,,,,,,,,,,,,,,,,
. Chi phí phải trả dài hạn__1,,,,,,,,,,,,,,,,,,,,,
. Phải trả nội bộ về vốn kinh doanh__1,,,,,,,,,,,,,,,,,,,,,
. Phải trả dài hạn nội bộ dài hạn__1,,,,,,,,,,,,,,,,,,,,,
. Doanh thu chưa thực hiện dài hạn__1,,,,,,,,,,,,,,,,,,,,,
.. Phải trả dài hạn khác__1,317697452372.0,396206152278.0,331059870787.0,241022410774.0,10881637600.0,5245555800.0,8842868300.0,7284668300.0,5499328000.0,3999987500.0,2177242000.0,1732485000.0,31315678880.0,22336685105.0,295000000.0,218600000.0,,,,,
. Vay và nợ thuê tài chính dài hạn__1,687234917033.0,1243519425591.0,1415229962786.0,1287159990379.0,1013302284112.0,555157751306.0,248955852532.0,,,,,,,,,,,,,,
. Trái phiếu chuyển đổi__1,,,,,,,,,,,,,,,,,,,,,
. Thuế thu nhập hoãn lại phải trả__1,,,,,,,,,,,,,,,,,,,,,
.. Dự phòng phải trả dài hạn__1,,,,,,,,,,,,,,,,,,,,,
.. Quỹ phát triển khoa học và công nghệ__1,,,,,,,,,,,,,,,,,,,,,
II - VỐN CHỦ SỞ HỮU__1,4685923120134.0,4206960190688.0,3025957478860.0,2746528417636.0,2502616605237.0,2339141904502.0,1946447536231.0,1830261832988.0,1722658518282.0,1376321868929.0,1231145439692.0,763526854113.0,611208010499.0,297223814581.0,140369924439.0,81719942550.0,,,,,
I. Vốn chủ sở hữu__1,4685923120134.0,4206960190688.0,3025957478860.0,2746528417636.0,2502616605237.0,2339141904502.0,1946447536231.0,,,,,,,,,,,,,,
. Vốn góp của chủ sở hữu__1,1152394300000.0,1047639110000.0,910998280000.0,828184650000.0,828184650000.0,752899590000.0,627419230000.0,,,,,,,,,,,,,,
- Cổ phiếu phổ thông có quyền biểu quyết__1,1152394300000.0,1047639110000.0,910998280000.0,828184650000.0,828184650000.0,752899590000.0,,,,,,,,,,,,,,,
- Cổ phiếu ưu đãi__1,,,,,,,,,,,,,,,,,,,,,
. Cổ phiếu ưu đãi__1,,,,,,,,,,,,,,,,,,,,,
. Thặng dư vốn cổ phần__1,418432992221.0,418432992221.0,418432992221.0,418432992221.0,418432992221.0,418432992221.0,418432992221.0,,,,,,,,,,,,,,
. Quyền chọn chuyển đổi trái phiếu__1,,,,,,,,,,,,,,,,,,,,,
. Vốn khác của chủ sở hữu__1,,,,,,,,,,,,,,,,,,,,,
. Cổ phiếu quỹ (*)__1,,,,,,,,,,,,,,,,,,,,,
. Chênh lệch đánh giá lại tài sản__1,,,,,,,,,,,,,,,,,,,,,
. Chênh lệch tỷ giá hối đoái__1,,,,,,,,,,,,,,,,,,,,,
. Quỹ đầu tư phát triển__1,2519655753467.0,1497737922639.0,1348360054415.0,1139675421262.0,1057574691172.0,753114963010.0,679130704305.0,,,,,,,,,,,,,,
. Quỹ hỗ trợ sắp xếp doanh nghiệp__1,,,,,,,,,,,,,,,,,,,,,
. Quỹ khác thuộc vốn chủ sở hữu__1,,,,,,,,,,,,,,,,,,,,,
. Lợi nhuận sau thuế chưa phân phối__1,595440074446.0,1243150165828.0,348166152224.0,360235354153.0,198424271844.0,414694359271.0,221464609705.0,,,,,,,,,,,,,,
- LNST chưa phân phối lũy kế đến cuối kỳ trước__1,595440074446.0,1243150165828.0,302616242224.0,360235354153.0,198424271844.0,414694359271.0,,,,,,,,,,,,,,,
- LNST chưa phân phối kỳ này__1,,,45549910000.0,,,,221464609705.0,,,,,,,,,,,,,,
. Nguồn vốn đầu tư XDCB__1,,,,,,,,,,,,,,,,,,,,,
. Lợi ích cổ đông không kiểm soát__1,,,,,,,,,,,,,,,,,,,,,
. Phụ trội hợp nhất công ty con__1,,,,,,,,,,,,,,,,,,,,,
. Nguồn kinh phí và các quỹ khác__1,,,,,,,,,,,,,5529716663.0,2147242059.0,799963091.0,656424513.0,,,,,
.. Nguồn kinh phí__1,,,,,,,,,,,,,,,,,,,,,
.. Nguồn kinh phí đã hình thành TSCĐ__1,,,,,,,,,,,,,,,,,,,,,
III - LỢI ÍCH CỦA CỔ ĐÔNG THIỂU SỐ__1,,,,,,,,,,,,11800000000.0,11800000000.0,4500000000.0,,,,,,,
Tổng cộng nguồn vốn__1,10862554292155.0,10101271295241.0,9591924923000.0,8350013449187.0,6989215957214.0,5529271823459.0,4615210727082.0,4220361698512.0,4013797151063.0,3550505115372.0,3201861704999.0,2150203655325.0,1394589024992.0,812543952201.0,619373987783.0,357903791365.0,,,,,
.. Đầu tư ngắn hạn__1,,,,,,,,88000555552.0,,,,,,,,,,,,,
.. Dự phòng giảm giá đầu tư ngắn hạn__1,,,,,,,,,,,,,,,,,,,,,
.. Giao dịch mua bán lại trái phiếu chính phủ__1,,,,,,,,,,,,,,,,,,,,,
.. Phải thu dài hạn nội bộ__1,,,,,,,,,,,,,,,,,,,,,
.. Chi phí xây dựng cơ bản dở dang__1,,,,,,,,157630332538.0,73786802502.0,81018453630.0,59543611867.0,243121637090.0,136568437501.0,46073353115.0,4534604825.0,6236523072.0,,,,,
. Các khoản đầu tư tài chính dài hạn__1,,,,,,,,,,2528623617.0,2528623617.0,2416627000.0,6907827000.0,11929700000.0,13036200000.0,2010000000.0,,,,,
. Đầu tư dài hạn khác__1,,,,,,,,,,2528623617.0,2528623617.0,2416627000.0,6907827000.0,11929700000.0,,2010000000.0,,,,,
.. Vay và nợ ngắn hạn__1,,,,,,,,1221524135425.0,1408056154859.0,1439757021829.0,1042971600708.0,586780980553.0,377665605059.0,240558670506.0,298891834870.0,147241308814.0,,,,,
.. Phải trả người bán__1,,,,,,,,720922656238.0,471215254884.0,312202136808.0,236837181496.0,192757512008.0,76625314848.0,43188844080.0,46601039154.0,59179418806.0,,,,,
.. Người mua trả tiền trước__1,,,,,,,,25525142293.0,42321561057.0,46240497554.0,13969956667.0,13528808353.0,56101336140.0,34036656639.0,40529222999.0,5500000.0,,,,,
.. Chi phí phải trả__1,,,,,,,,74601656976.0,71936022260.0,96546329738.0,28606379697.0,30468733018.0,269770940.0,536750506.0,5202476072.0,619171422.0,,,,,
.. Phải trả nội bộ__1,,,,,,,,,,,,,,,,,,,,,
".. Các khoản phải trả, phải nộp ngắn hạn khác__1",,,,,,,,60412836790.0,33035501227.0,19379561358.0,42190685086.0,21734984258.0,5556996101.0,12274949503.0,840785024.0,13790364228.0,,,,,
.. Quỹ khen thưởng phúc lợi__1,,,,,,,,30872825421.0,,,,8804518355.0,,,,,,,,,
.. Giao dịch mua bán lại trái phiếu chính phủ__2,,,,,,,,,,,,,,,,,,,,,
.. Doanh thu chưa thực hiện__1,,,,,,,,,,,,,,,,,,,,,
. Quỹ thưởng ban quản lý điều hành công ty__1,,,,,,,,,,,,,,,,,,,,,
.. Phải trả dài hạn nội bộ__1,,,,,,,,,,,,,,,,,,,,,
.. Vay và nợ dài hạn__1,,,,,,,,167891776301.0,125535596264.0,145103506315.0,509978362955.0,432167091871.0,201284893031.0,140144637494.0,73343141380.0,52134813620.0,,,,,
.. Thuế thu nhập hoãn lại phải trả__1,,,,,,,,,,,,,,,,,,,,,
.. Dự phòng trợ cấp mất việc làm__1,,,,,,,,,,,,,,,,,,,,,
.. Doanh thu chưa thực hiện__2,,,,,,,,,,,,,,,,,,,,,
.. Quỹ phát triển khoa học công nghệ__1,,,,,,,,,,,,,,,,,,,,,
. Vốn chủ sở hữu__1,,,,,,,,1830261832988.0,1722658518282.0,1376321868929.0,1231145439692.0,763526854113.0,605678293836.0,295076572522.0,139569961348.0,81063518037.0,,,,,
.. Vốn đầu tư của chủ sở hữu__1,,,,,,,,627419230000.0,627419230000.0,484099600000.0,436111000000.0,254466600000.0,254466600000.0,176368290000.0,94500000000.0,67770000000.0,,,,,
.. Thặng dư vốn cổ phần__1,,,,,,,,418432992221.0,418432992221.0,374496861700.0,355328261700.0,228290181700.0,228290181700.0,59779224700.0,17905079700.0,746979700.0,,,,,
.. Vốn khác của chủ sở hữu__1,,,,,,,,,,,,,,,,,,,,,
.. Cổ phiếu quỹ (*)__1,,,,,,,,,,,,,-35100000.0,-35100000.0,-27000000.0,,,,,,
.. Chênh lệch đánh giá lại tài sản__1,,,,,,,,,,,,,,,,,,,,,
.. Chênh lệch tỷ giá hối đoái__1,,,,,,,,,,,6986489982.0,13227476717.0,-1649494975.0,-1344396504.0,,,,,,,
.. Quỹ đầu tư phát triển__1,,,,,,,,495342485153.0,413888012383.0,277534138144.0,182445741648.0,78244285736.0,54086034941.0,13733918622.0,1701412171.0,923303069.0,,,,,
.. Quỹ dự phòng tài chính__1,,,,,,,,83294021493.0,72962924280.0,49011331400.0,29843672107.0,12997624401.0,5786002427.0,1887575035.0,425353043.0,230825767.0,,,,,
.. Quỹ khác thuộc vốn chủ sở hữu__1,,,,,,,,,,,,,,,,,,,,,
.. Lợi nhuận sau thuế chưa phân phối__1,,,,,,,,205773104121.0,189955359398.0,191179937685.0,220430274255.0,176300685559.0,56903069743.0,39984273924.0,20362329689.0,6689622756.0,,,,,
.. Nguồn vốn đầu tư XDCB__1,,,,,,,,,,,,,7831000000.0,4702786745.0,4702786745.0,4702786745.0,,,,,
.. Quỹ hỗ trợ sắp xếp doanh nghiệp__1,,,,,,,,,,,,,,,,,,,,,
.. Quỹ dự trữ vốn điều lệ__1,,,,,,,,,,,,,,,,,,,,,
.. Quỹ khen thưởng phúc lợi__2,,,,,,,,,,,,,5529716663.0,2147242059.0,799963091.0,656424513.0,,,,,
I. LƯU CHUYỂN TIỀN TỪ HOẠT ĐỘNG KINH DOANH__1,,,,,,,,,,,,,,,,,,,,,
Lợi nhuận (lỗ) trước thuế__1,979684614453.0,,,393358714313.0,278800140037.0,522751090991.0,283617210380.0,,240568378657.0,305619985310.0,,202378495001.0,91554305510.0,60918227774.0,27005488300.0,,,,,,
Điều chỉnh cho các khoản:__1,,,,,,,,,,,,,,,,,,,,,
Khấu hao tài sản cố định__1,491247693940.0,,,259495216033.0,140745624490.0,,170939603794.0,,,84822145034.0,65383334844.0,38704010070.0,37658649159.0,27194674945.0,19274943305.0,,,,,,
Các khoản dự phòng__1,,,,-6000000000.0,6000000000.0,,,,-15000000000.0,15000000000.0,,,,1277498003.0,,,,,,,
"Lãi, lỗ từ đầu tư vào công ty liên kết__1",,,,,,,-902800.0,,,,,,,,,,,,,,
(Lãi) lỗ chênh lệch tỷ giá hối đoái chưa thực hiện__1,16828068.0,,,-1810909.0,-783951.0,5617946.0,,,323565.0,-4924028499.0,,-206459467.0,,-1344396504.0,,,,,,,
(Lãi)/lỗ từ hoạt động đầu tư/thanh lý tài sản cố định__1,-48307396613.0,,,-40730899618.0,-66670766445.0,-191960719414.0,-16051321449.0,,-29155023142.0,-37019334940.0,-54726755656.0,-7172085066.0,-5607569371.0,-49586075356.0,,,,,,,
Chi phí lãi vay__1,182283276266.0,,,188946659079.0,119958086103.0,110901027505.0,94146779399.0,,117662773757.0,138290408699.0,120666280846.0,70612379390.0,38622908487.0,50489006395.0,22164209857.0,,,,,,
Các khoản giảm trừ khác__1,,,,,,,,,,,,,,,,,,,,,
Thu nhập từ lãi tiền gửi__1,,,,,,,,,,,,,,,,,,,,,
Phân bổ lợi thế thương mại__1,,,,,,194703168742.0,,,105564420597.0,,,,,,,,,,,,
Lãi lỗ thanh lý tài sản cố định__1,,,,,,,,,,,,,,,,,,,,,
Lợi nhuận (lỗ) từ hoạt động kinh doanh trước thay đổi vốn lưu động__1,1604925016114.0,,,795067878898.0,478832300234.0,636400185770.0,532651369324.0,,419640873434.0,501789175604.0,369082800822.0,304316339928.0,162228293785.0,88948935257.0,68444641462.0,,,,,,
(Tăng) giảm các khoản phải thu__1,-126950224550.0,,,136047689870.0,-195624357213.0,46766079929.0,16357121408.0,,4326270612.0,-187391063011.0,-20229748492.0,-307840114074.0,85611431601.0,-125712305499.0,-21079421319.0,,,,,,
"Tăng, giảm chứng khoán tự doanh__1",,,,,,,,,,,,,,,,,,,,,
(Tăng) giảm hàng tồn kho__1,-854550131672.0,,,-657548708424.0,-112612276889.0,-178770362950.0,-100007026533.0,,-270487703008.0,-42140166056.0,-712860269019.0,-322894084822.0,-130495721649.0,83113412591.0,-150218764233.0,,,,,,
"Tăng/(giảm) các khoản phải trả (không bao gồm lãi vay, thuế thu nhập doanh nghiệp phải trả)__1",383222277231.0,,,299136017780.0,129215199869.0,-99780729683.0,-66665388926.0,,134412363004.0,177437990448.0,64310350184.0,139983178947.0,62284227928.0,18400810944.0,57701300419.0,,,,,,
(Tăng) giảm chi phí trả trước__1,5699930640.0,,,-21165015597.0,-53721661590.0,-4175188588.0,2496620732.0,,-4857966626.0,-83848241.0,-5228246433.0,-3586031090.0,3203447069.0,3055548292.0,1975840239.0,,,,,,
Tiền lãi vay đã trả__1,-177922684767.0,,,-254795493018.0,-165387241216.0,-123742339707.0,-95806088875.0,,-148405042933.0,-176854021872.0,120098198228.0,-68214439919.0,-39159658993.0,-49952255889.0,-22164209857.0,,,,,,
Thuế thu nhập doanh nghiệp đã nộp__1,-202106291302.0,,,-61544820040.0,-56638630599.0,-59171835662.0,-38735237282.0,,-22462333814.0,-31518761668.0,-20880940976.0,-21926594645.0,-7813374403.0,-1039265927.0,-250280000.0,,,,,,
Tiền thu khác từ hoạt động kinh doanh__1,115236000.0,,,,88063500000.0,68863000000.0,,,13613710212.0,,2528382446.0,1695010997.0,40374432305.0,76793288513.0,212607765.0,,,,,,
Tiền chi khác cho hoạt động kinh doanh__1,-46060596000.0,,,-6532130000.0,-30588109000.0,-26796849963.0,-22843550982.0,,-22505255737.0,-5993696858.0,-1793076898.0,-2000000000.0,-41144180157.0,-22407798394.0,-58539265804.0,,,,,,
Tăng tài sản ngắn hạn khác__1,,,,,,,,,,,,,,,,,,,,,
Chênh lệch tỷ giá trong giai đoạn đầu tư__1,,,,,,,,,,,,,,,,,,,,,
Lưu chuyển tiền thuần từ hoạt động kinh doanh__1,586372531694.0,,,228665419469.0,81538723596.0,259591959146.0,227447818866.0,,103274915144.0,235245608346.0,-204972550138.0,-280466734678.0,135088897486.0,71200369888.0,-123917551328.0,,,,,,
II. LƯU CHUYỂN TIỀN TỪ HOẠT ĐỘNG ĐẦU TƯ__1,,,,,,,,,,,,-326675667916.0,-267748516093.0,-125593174524.0,-19861442511.0,,,,,,
"Tiền chi để mua sắm, xây dựng tài sản cố định__1",-296475395074.0,,,-936419399542.0,-1237391178283.0,-934721339414.0,-324946255183.0,,-285187773734.0,-163645619452.0,-265343600927.0,-349711851711.0,-278086182234.0,,-10400492360.0,,,,,,
"Tiền thu do thanh lý, nhượng bán TSCĐ và các tài sản dài hạn khác__1",35821987794.0,,,3032849296.0,6608247080.0,91545455.0,609090908.0,,28607013768.0,313676364.0,531334546.0,849090909.0,,-109074396455.0,,,,,,,
"Tiền chi cho vay, mua các công cụ nợ của đơn vị khác__1",-77723556563.0,,,-141046084390.0,-281469626386.0,-283558831745.0,,,,,,,,,,,,,,,
"Tiền thu hồi cho vay, bán lại công cụ nợ của đơn vị khác__1",38000000000.0,,,175633299839.0,238633170370.0,187367639736.0,,,,,,,,,,,,,,,
Tiền chi đầu tư góp vốn vào đơn vị khác__1,,,,,,-48995231890.0,-217882071937.0,,,,,,5021873000.0,-18168500000.0,-10360673000.0,,,,,,
Tiền thu do bán các khoản đầu tư góp vốn vào đơn vị khác__1,,,,15000000000.0,297307790007.0,450000000000.0,31950000000.0,,,,43200000000.0,4578000000.0,,,,,,,,,
"Tiền thu lãi cho vay, cổ tức và lợi nhuận được chia__1",28189315611.0,,,29194334865.0,41056822088.0,34481100880.0,16253402050.0,,22827077354.0,39098451490.0,57188310355.0,17609092886.0,5315793141.0,1649721931.0,899722849.0,,,,,,
Tiền đầu tư xây dựng nhà xưởng__1,,,,,,,,,,,,,,,,,,,,,
. Tăng lợi ích của cổ đông thiếu số khi hợp nhất công ty con__1,,,,,,,,,,,,,,,,,,,,,
. Loại trừ lợi ích của cổ đông thiểu số khi thanh lý công ty con__1,,,,,,,,,,,,,,,,,,,,,
. Tiền mặt tại công ty con mua trong năm__1,,,,,,,,,,,,,,,,,,,,,
. Tiền thu do nhượng bán các khoản đầu tư vào công ty con__1,,,,,,,,,,,,,,,,,,,,,
. Tiền chi gửi ngắn hạn__1,,,,,,,,,-406222775000.0,,,,,,,,,,,,
. Tiền thu lãi từ gửi ngắn hạn__1,,,,,,,,,,,,,,,,,,,,,
. Tiền chi mua tài sản khác__1,,,,,,,,,,,,,,,,,,,,,
. Giảm tiền gửi ngân hàng có kỳ hạn__1,,,,,,,,,,,,,,,,,,,,,
. Tiền chi để mua thêm cổ phần của công ty con__1,,,,,,,,,,,,,,,,,,,,,
". Tiền thu từ các khoản ký gửi, ký quỹ dài hạn__1",,,,,,,,,,,,,,,,,,,,,
. Tiền gửi ngắn hạn__1,,,,,,,,,,,,,,,,,,,,,
. Rút tiền gửi ngắn hạn__1,,,,,,,,,,,,,,,,,,,,,
. Tiền thu từ chuyển quyền góp vốn vào dự án__1,,,,,,,,,,,,,,,,,,,,,
Lưu chuyển tiền thuần từ hoạt động đầu tư__1,-272187648232.0,,,-854604999932.0,-935254775124.0,-595335116978.0,-494015834161.0,,-639976457612.0,-124233491598.0,-164423956026.0,-326675667916.0,-267748516093.0,-125593174524.0,-19861442511.0,,,,,,
III. LƯU CHUYỂN TIỀN TỪ HOẠT ĐỘNG TÀI CHÍNH__1,,,,,,,,,,,,,,,,,,,,,
"Tiền thu từ phát hành cổ phiếu, nhận góp vốn của chủ sở hữu__1",,,,,,,,,,,308682480000.0,,209227107000.0,123743535000.0,43389890000.0,,,,,,
"Tiền chi trả vốn góp cho các chủ sở hữu, mua lại cổ phiếu của doanh nghiệp của doanh nghiệp đã phát hành__1",,,,,,,,,,,,35100000.0,,-8100000.0,,,,,,,
Tiền thu từ nhận góp vốn liên doanh__1,,,,,,,,,,,,,,,,,,,,,
"Tiền vay ngắn hạn, dài hạn nhận được__1",6853827627056.0,,,5213725838587.0,5062092816082.0,5020025950701.0,4565503703990.0,,3495175613412.0,3375075555729.0,3407034454912.0,2048750945534.0,1429539601357.0,1011001067402.0,854867325246.0,,,,,,
Tiền chi trả nợ gốc vay__1,-6865009913459.0,,,-4484196327590.0,-4153191438267.0,-4457611004250.0,-4270220651135.0,,-3342816561543.0,-3278828893701.0,-3032849538067.0,-1595571410505.0,-1231292411267.0,-1001582735652.0,-694864220082.0,,,,,,
Tiền chi trả nợ thuê tài chính__1,-108131977530.0,,,-96628203659.0,-107955913033.0,-56652507044.0,-37710444238.0,,-16376009253.0,,,,,,,,,,,,
Tiền chi cho đầu tư ngắn hạn__1,,,,,,,,,,,,,,,,,,,,,
"Cổ tức, lợi nhuận đã trả cho chủ sở hữu__1",-227400608400.0,,,-82818465000.0,-1120712425.0,-36524267075.0,-125483846000.0,,-14068775500.0,-145768364500.0,-36457100897.0,-19921575000.0,-20953759500.0,-10029125500.0,-11260224962.0,,,,,,
"Cổ tức, lợi nhuận đã trả cho cổ đông thiểu số__1",,,,,,,,,,,,,,,,,,,,,
Nhận vốn góp của cổ đông thiểu số__1,,,,,,,,,,,,,,,,,,,,,
Chi khác từ lợi nhuận chưa phân phối__1,,,,,,,,,,,,,,,,,,,,,
Tiền thu từ lãi tiền gửi__1,,,,,,,,,,,,,,,,,,,,,
Lưu chuyển tiền thuần từ/(sử dụng vào) hoạt động tài chính__1,-346714872333.0,,,550082842338.0,799824752357.0,469238172332.0,132088762617.0,,121914267116.0,-49521702472.0,646410295948.0,433293060029.0,386520537590.0,123124641250.0,192132770202.0,,,,,,
Lưu chuyển tiền thuần trong năm__1,-32529988871.0,,,-75856738125.0,-53891299171.0,133495014500.0,-134479252678.0,,-414787275352.0,61490414276.0,277013789784.0,-173849342565.0,253860918983.0,68731836614.0,48353776363.0,,,,,,
Tiền và tương đương tiền đầu năm__1,232603906243.0,,,225860064701.0,279750579921.0,146261183367.0,280739533245.0,,551972480142.0,490322035548.0,213147169656.0,387042028243.0,133181029362.0,64441704644.0,15513578873.0,,,,,,
Ảnh hưởng của thay đổi tỷ giá hối đoái quy đổi ngoại tệ__1,-16828068.0,,,1810909.0,783951.0,-5617946.0,902800.0,,3940884.0,160030318.0,161076108.0,-45516022.0,79898.0,7488104.0,539780588.0,,,,,,
Chênh lệch tỷ giá chuyển đối báo cáo tài chính__1,,,,,,,,,,,,,,,,,,,,,
Tiền và tương đương tiền cuối năm__1,200057089304.0,,,150005137485.0,225860064701.0,279750579921.0,146261183367.0,,137189145674.0,551972480142.0,490322035548.0,213147169656.0,387042028243.0,133181029362.0,64407135824.0,,,,,,
I. Lưu chuyển tiền từ hoạt động kinh doanh__1,,,,,,,,,,,,,,,,,,,,,
". Tiền thu từ bán hàng, cung cấp dịch vụ và doanh thu khác__1",,,,,,,,,,,,,,,,,,,,,
. Tiền chi trả cho người cung cấp hàng hóa và dịch vụ__1,,,,,,,,,,,,,,,,,,,,,
. Tiền chi trả cho người lao động__1,,,,,,,,,,,,,,,,,,,,,
. Tiền chi trả lãi vay__1,,,,,,,,,,,,,,,,,,,,,
. Tiền chi nộp thuế thu nhập doanh nghiệp__1,,,,,,,,,,,,,,,,,,,,,
. Tiền thu khác từ hoạt động kinh doanh__1,,,,,,,,,,,,,,,,,,,,,
. Tiền chi khác cho hoạt động kinh doanh__1,,,,,,,,,,,,,,,,,,,,,
Lưu chuyển tiền thuần từ hoạt động kinh doanh__1,,,,,,,,,,,,,,,,,,,,,
II. LƯU CHUYỂN TIỀN TỪ HOẠT ĐỘNG ĐẦU TƯ__1,,,,,,,,,,,,,,,,,,,,,
"Tiền chi để mua sắm, xây dựng tài sản cố định__1",,,,,,,,,,,,,,,,,,,,,
"Tiền thu do thanh lý, nhượng bán TSCĐ và các tài sản dài hạn khác__1",,,,,,,,,,,,,,,,,,,,,
"Tiền chi cho vay, mua các công cụ nợ của đơn vị khác__1",,,,,,,,,,,,,,,,,,,,,
"Tiền thu hồi cho vay, bán lại công cụ nợ của đơn vị khác__1",,,,,,,,,,,,,,,,,,,,,
Tiền chi đầu tư góp vốn vào đơn vị khác__1,,,,,,,,,,,,,,,,,,,,,
Tiền thu do bán các khoản đầu tư góp vốn vào đơn vị khác__1,,,,,,,,,,,,,,,,,,,,,
"Tiền thu lãi cho vay, cổ tức và lợi nhuận được chia__1",,,,,,,,,,,,,,,,,,,,,
Tiền đầu tư xây dựng nhà xưởng__1,,,,,,,,,,,,,,,,,,,,,
. Tăng lợi ích của cổ đông thiếu số khi hợp nhất công ty con__1,,,,,,,,,,,,,,,,,,,,,
. Loại trừ lợi ích của cổ đông thiểu số khi thanh lý công ty con__1,,,,,,,,,,,,,,,,,,,,,
. Tiền mặt tại công ty con mua trong năm__1,,,,,,,,,,,,,,,,,,,,,
. Tiền thu do nhượng bán các khoản đầu tư vào công ty con__1,,,,,,,,,,,,,,,,,,,,,
. Tiền chi gửi ngắn hạn__1,,,,,,,,,,,,,,,,,,,,,
. Tiền thu lãi từ gửi ngắn hạn__1,,,,,,,,,,,,,,,,,,,,,
. Tiền chi mua tài sản khác__1,,,,,,,,,,,,,,,,,,,,,
. Giảm tiền gửi ngân hàng có kỳ hạn__1,,,,,,,,,,,,,,,,,,,,,
. Tiền chi để mua thêm cổ phần của công ty con__1,,,,,,,,,,,,,,,,,,,,,
". Tiền thu từ các khoản ký gửi, ký quỹ dài hạn__1",,,,,,,,,,,,,,,,,,,,,
. Tiền gửi ngắn hạn__1,,,,,,,,,,,,,,,,,,,,,
. Rút tiền gửi ngắn hạn__1,,,,,,,,,,,,,,,,,,,,,
. Tiền thu từ chuyển quyền góp vốn vào dự án__1,,,,,,,,,,,,,,,,,,,,,
Lưu chuyển tiền thuần từ hoạt động đầu tư__1,,,,,,,,,,,,,,,,,,,,,
III. LƯU CHUYỂN TIỀN TỪ HOẠT ĐỘNG TÀI CHÍNH__1,,,,,,,,,,,,,,,,,,,,,
"Tiền thu từ phát hành cổ phiếu, nhận góp vốn của chủ sở hữu__1",,,,,,,,,,,,,,,,,,,,,
"Tiền chi trả vốn góp cho các chủ sở hữu, mua lại cổ phiếu của doanh nghiệp của doanh nghiệp đã phát hành__1",,,,,,,,,,,,,,,,,,,,,
Tiền thu từ nhận góp vốn liên doanh__1,,,,,,,,,,,,,,,,,,,,,
"Tiền vay ngắn hạn, dài hạn nhận được__1",,,,,,,,,,,,,,,,,,,,,
Tiền chi trả nợ gốc vay__1,,,,,,,,,,,,,,,,,,,,,
Tiền chi trả nợ thuê tài chính__1,,,,,,,,,,,,,,,,,,,,,
Tiền chi cho đầu tư ngắn hạn__1,,,,,,,,,,,,,,,,,,,,,
"Cổ tức, lợi nhuận đã trả cho chủ sở hữu__1",,,,,,,,,,,,,,,,,,,,,
"Cổ tức, lợi nhuận đã trả cho cổ đông thiểu số__1",,,,,,,,,,,,,,,,,,,,,
Nhận vốn góp của cổ đông thiểu số__1,,,,,,,,,,,,,,,,,,,,,
Chi khác từ lợi nhuận chưa phân phối__1,,,,,,,,,,,,,,,,,,,,,
Tiền thu từ lãi tiền gửi__1,,,,,,,,,,,,,,,,,,,,,
Lưu chuyển tiền thuần từ/(sử dụng vào) hoạt động tài chính__1,,,,,,,,,,,,,,,,,,,,,
Lưu chuyển tiền thuần trong năm__1,,,,,,,,,,,,,,,,,,,,,
Tiền và tương đương tiền đầu năm__1,,,,,,,,,,,,,,,,,,,,,
Ảnh hưởng của thay đổi tỷ giá hối đoái quy đổi ngoại tệ__1,,,,,,,,,,,,,,,,,,,,,
Chênh lệch tỷ giá chuyển đối báo cáo tài chính__1,,,,,,,,,,,,,,,,,,,,,
Tiền và tương đương tiền cuối năm__1,,,,,,,,,,,,,,,,,,,,,
