field,[2021],[2020],[2019],[2017],[2016],[2015],[2014],[2013],[2012],[2011],[2010],[2009],[2008],[2007],[2006],[2005],[2004],[2003],[2002],[2001],[2018]
. Doanh thu bán hàng và cung cấp dịch vụ__1,1609495349224.0,2007078938478.0,2042749649511.0,1480339509403.0,1207763479859.0,969380486408.0,823294626510.0,745375619510.0,677149728562.0,630414655671.0,543415350125.0,586913029646.0,588705800777.0,545418537712.0,391605550109.0,,,,,,
. Các khoản giảm trừ doanh thu__1,131339365.0,603768936.0,514326541.0,24815570.0,2322902023.0,28808908946.0,3240952706.0,2393760600.0,118302442.0,328835539.0,240217618.0,313414675.0,5054425158.0,5381357441.0,4604480801.0,,,,,,
. Doanh thu thuần về bán hàng và cung cấp dịch vụ__1,1609364009859.0,2006475169542.0,2042235322970.0,1480314693833.0,1205440577836.0,940571577462.0,820053673804.0,742981858910.0,677031426120.0,630085820132.0,543175132507.0,586599614971.0,583651375619.0,540037180271.0,387001069308.0,,,,,,
. Giá vốn hàng bán__1,1455341542511.0,1767422172628.0,1790834772019.0,1255975960998.0,1024671734836.0,792220534254.0,689838453837.0,624593840321.0,582898145151.0,540419464845.0,467142874199.0,509903033218.0,503381857367.0,467207605311.0,338636993399.0,,,,,,
. Lợi nhuận gộp về bán hàng và cung cấp dịch vụ__1,154022467348.0,239052996914.0,251400550951.0,224338732835.0,180768843000.0,148351043208.0,130215219967.0,118388018589.0,94133280969.0,89666355287.0,76032258308.0,76696581753.0,80269518252.0,72829574960.0,48364075909.0,,,,,,
. Doanh thu hoạt động tài chính__1,30724604694.0,14354544701.0,19555222770.0,11427531972.0,8845276566.0,7538699298.0,4641126358.0,5647612228.0,9866067593.0,8786791108.0,4063679448.0,4970588465.0,5624962752.0,592000341.0,389800609.0,,,,,,
. Chi phí tài chính__1,14099188588.0,16401441493.0,14774915030.0,11839855907.0,9352742956.0,8819118507.0,7590021337.0,10543222403.0,20046710744.0,24195994671.0,16157857679.0,10104053957.0,17018491818.0,10369153439.0,7744115248.0,,,,,,
- Trong đó: Chi phí lãi vay__1,13993022062.0,13323351965.0,14672444516.0,10580880673.0,8979692235.0,8083462675.0,8365125653.0,10543222403.0,,23862388575.0,15487392518.0,7783945467.0,14561165659.0,10298790697.0,7705941248.0,,,,,,
". Phần lãi lỗ hoặc lỗ trong công ty liên doanh, liên kết__1",1996401228.0,1362992045.0,716983701.0,2551831508.0,1026363731.0,1232375547.0,,,,,,,,,,,,,,,
. Chi phí bán hàng__1,25876254960.0,55395213547.0,86870321168.0,70066641669.0,58929442994.0,55292822560.0,49151629647.0,43120400762.0,35949995199.0,30280633053.0,27073564276.0,29797318934.0,33218329019.0,30522807965.0,15712960651.0,,,,,,
. Chi phí quản lý doanh nghiệp__1,66076396117.0,74237448035.0,66370986735.0,68932107500.0,55905781531.0,45744840313.0,42604800758.0,36978236661.0,28943897867.0,21584452293.0,17635236710.0,24192903167.0,22478313388.0,24107991765.0,18090440474.0,,,,,,
. Lợi nhuận thuần từ hoạt động kinh doanh__1,80691633605.0,108736430585.0,103656534489.0,87479491239.0,66452515816.0,47265336673.0,35509894583.0,33393770991.0,19058744752.0,22392066378.0,19229279091.0,17572894160.0,13179346779.0,8421622132.0,7206360145.0,,,,,,
. Thu nhập khác__1,9243892239.0,11894463346.0,9036347799.0,8749815052.0,5756942278.0,3974946338.0,3370662170.0,6135626531.0,354545455.0,500000.0,56000000.0,247619048.0,1031956500.0,5762007793.0,3375802693.0,,,,,,
. Chi phí khác__1,422578596.0,95000000.0,32900565.0,476505874.0,674845935.0,22375802.0,307997.0,237575022.0,,,50000000.0,,,,,,,,,,
. Lợi nhuận khác__1,8821313643.0,11799463346.0,9003447234.0,8273309178.0,5082096343.0,3952570536.0,3370354173.0,5898051509.0,354545455.0,500000.0,6000000.0,247619048.0,1031956500.0,5762007793.0,3375802693.0,,,,,,
. Tổng lợi nhuận kế toán trước thuế__1,89512947248.0,120535893931.0,112659981723.0,95752800417.0,71534612159.0,51217907209.0,39845105440.0,39291822500.0,19413290207.0,22392566378.0,19235279091.0,17820513208.0,14211303279.0,14183629925.0,10582162838.0,,,,,,
. Chi phí thuế TNDN hiện hành__1,18122945188.0,23772713505.0,22666912340.0,18646081098.0,14734989970.0,10913431579.0,8420271088.0,8775606580.0,4696961528.0,5612415646.0,3817055818.0,3447045696.0,2832521036.0,2850798533.0,1058204156.0,,,,,,
. Chi phí thuế TNDN hoãn lại__1,,654305794.0,-29742954.0,-32720003.0,-439977804.0,-175360688.0,-114138651.0,-101371955.0,,,,,,,,,,,,,
. Lợi nhuận sau thuế thu nhập doanh nghiệp__1,71390002060.0,96108874632.0,90022812337.0,77139439322.0,57239599993.0,40479836318.0,31538973003.0,30617587875.0,14716328679.0,16780150732.0,15418223273.0,14373467512.0,11378782243.0,11332831392.0,9523958682.0,,,,,,
. Lợi ích của cổ đông thiểu số__1,3444483033.0,4061379152.0,3789615713.0,5002390907.0,3441540539.0,3692405008.0,5241372401.0,3856277060.0,,,,,,,,,,,,,
. Lợi nhuận sau thuế của công ty mẹ__1,67945519027.0,92047495480.0,86233196624.0,72137048415.0,53798059454.0,36787431310.0,26297600602.0,26761310815.0,14716328679.0,16780150732.0,15418223273.0,14373467512.0,11378782243.0,11332831392.0,9523958682.0,,,,,,
. Lãi cơ bản trên cổ phiếu__1,2593.0,4357.0,4242.0,7240.0,7966.0,5469.0,4187.0,4261.0,2343.0,3743.0,3740.0,3487.0,2803.0,3170.0,4219.0,,,,,,
. Lãi suy giảm trên cổ phiếu__1,,3485.0,,,,,,,,,,,,,,,,,,,
. Cổ tức__1,,,,,,,,,,,,,,,,,,,,,
. Phần lãi (lỗ thuần) trong công ty liên doanh/liên kết__1,,,,,,,964856684.0,,,,,,,,,,,,,,
I - TÀI SẢN NGẮN HẠN__1,1007286825845.0,733390241825.0,638033211197.0,570633971286.0,,372830726786.0,296545522567.0,254205924602.0,245721759618.0,253254472136.0,217904186459.0,202476967907.0,192945600277.0,198899874403.0,144318952182.0,,,,,,567079038722.0
. Tiền và các khoản tương đương tiền__1,59669255771.0,60494389520.0,54741891996.0,74620375489.0,,19686710186.0,38659893686.0,42202454841.0,21164898808.0,22973454762.0,20126639002.0,21832778748.0,14086573865.0,12113242525.0,8720619605.0,,,,,,45842564811.0
..Tiền__1,46669255771.0,60494389520.0,54741891996.0,74620375489.0,,19686710186.0,38659893686.0,42202454841.0,21164898808.0,22973454762.0,20126639002.0,21832778748.0,14086573865.0,12113242525.0,8720619605.0,,,,,,45842564811.0
..Các khoản tương đương tiền__1,13000000000.0,,,,,,,,,,,,,,,,,,,,
. Các khoản đầu tư tài chính ngắn hạn__1,350000000000.0,,,,,,,,,,,,,,,,,,,,
.. Chứng khoán kinh doanh__1,,,,,,,,,,,,,,,,,,,,,
.. Dự phòng giảm giá chứng khoán kinh doanh__1,,,,,,,,,,,,,,,,,,,,,
.. Đầu tư nắm giữ đến ngày đáo hạn__1,350000000000.0,,,,,,,,,,,,,,,,,,,,
. Các khoản phải thu ngắn hạn__1,249077479940.0,294575890630.0,230731789400.0,114728771537.0,,131168086001.0,91666969965.0,66742436830.0,90075460407.0,76811348506.0,69212919532.0,66683016542.0,49517002028.0,49549859666.0,50160224097.0,,,,,,150164640039.0
..Phải thu khách hàng__1,127601302997.0,252277526451.0,186778286534.0,87437209232.0,,92580329282.0,69458053090.0,61585139743.0,69956178126.0,62153724765.0,63664503133.0,54377165162.0,41867150049.0,38918249158.0,31700641498.0,,,,,,87301207387.0
..Trả trước cho người bán__1,95055177431.0,22924241902.0,38435572402.0,24751602343.0,,33397170020.0,23320362109.0,4982449909.0,4659674352.0,13107205810.0,5457421220.0,11705851380.0,7049851979.0,9782654714.0,17653910209.0,,,,,,36868550581.0
.. Phải thu nội bộ ngắn hạn__1,,,,,,,,,,,,,,,,,,,,,
.. Phải thu theo tiến độ Kế hoạch hợp đồng xây dựng__1,,,,,,,,,,,,,,,,,,,,,
. Phải thu về cho vay ngắn hạn__1,,,,,,,,,,,,,,,,,,,,,20000000000.0
.. Các khoản phải thu khác__1,32909858240.0,21793613237.0,5806934561.0,3034119266.0,,7709922104.0,421285480.0,490574098.0,15708612750.0,2099422752.0,1000000000.0,600000000.0,600000000.0,848955794.0,805672390.0,,,,,,6201426782.0
.. Dự phòng phải thu ngắn hạn khó đòi__1,-6488858728.0,-2419490960.0,-289004097.0,-494159304.0,,-2519335405.0,-1532730714.0,-315726920.0,-249004821.0,-549004821.0,-909004821.0,,,,,,,,,,-206544711.0
. Tài sản thiếu chờ xử lý__1,,,,,,,,,,,,,,,,,,,,,
. Hàng tồn kho__1,339706421868.0,373509979280.0,345444858722.0,376832004133.0,,219726623584.0,157010373126.0,138655423938.0,130211034535.0,144329229305.0,126772909051.0,112739058030.0,127894876176.0,136197497376.0,85248608480.0,,,,,,369952396528.0
.. Hàng tồn kho__1,341667471619.0,375471029031.0,345638125207.0,377575487573.0,,221439153232.0,157010373126.0,138655423938.0,130211034535.0,144329229305.0,126772909051.0,112739058030.0,127894876176.0,136197497376.0,85248608480.0,,,,,,370785044413.0
.. Dự phòng giảm giá hàng tồn kho__1,-1961049751.0,-1961049751.0,-193266485.0,-743483440.0,,-1712529648.0,,,,,,,,,,,,,,,-832647885.0
. Tài sản ngắn hạn khác__1,8833668266.0,4809982395.0,7114671079.0,4452820127.0,,2249307015.0,9208285790.0,6605608993.0,4270365868.0,9140439563.0,1791718874.0,1222114587.0,1447148208.0,1039274836.0,189500000.0,,,,,,1119437344.0
.. Chi phí trả trước ngắn hạn__1,,,,,,,194994900.0,77865868.0,,,522060387.0,572159587.0,515164216.0,,,,,,,,
.. Thuế GTGT được khấu trừ__1,8826754090.0,4803986406.0,6757673580.0,4382928305.0,,1874885370.0,647091345.0,440382567.0,1440233150.0,2394339563.0,,,308449795.0,737774836.0,,,,,,,
.. Thuế và các khoản khác phải thu Nhà nước__1,,,,,,374421645.0,199902341.0,107583358.0,30953518.0,,889458487.0,,33434197.0,,,,,,,,
. Giao dịch mua bán lại trái phiếu Chính phủ__1,6914176.0,5995989.0,356997499.0,69891822.0,,,,,,,,,,,,,,,,,1119437344.0
.. Tài sản ngắn hạn khác__1,,,,,,,8166297204.0,5979777200.0,2799179200.0,6746100000.0,380200000.0,649955000.0,590100000.0,301500000.0,189500000.0,,,,,,
II - TÀI SẢN DÀI HẠN__1,230303894297.0,186655953680.0,100187222423.0,64074807833.0,,63734495634.0,71772407857.0,70573981421.0,47309533513.0,50838413041.0,47960220671.0,42286485152.0,41635185276.0,40882252071.0,23713409842.0,,,,,,72045089188.0
. Các khoản phải thu dài hạn__1,,,,10000000.0,,10000000.0,,,,,,,,,,,,,,,
.. Phải thu dài hạn của khách hàng__1,,,,,,,,,,,,,,,,,,,,,
. Trả trước cho người bán dài hạn__1,,,,,,,,,,,,,,,,,,,,,
.. Vốn kinh doanh ở đơn vị trực thuộc__1,,,,,,,,,,,,,,,,,,,,,
.. Phải thu nội bộ dài hạn__1,,,,,,,,,,,,,,,,,,,,,
. Phải thu về cho vay dài hạn__1,,,,,,,,,,,,,,,,,,,,,
.. Phải thu dài hạn khác__1,,,,10000000.0,,10000000.0,,,,,,,,,,,,,,,
.. Dự phòng phải thu khó đòi__1,,,,,,,,,,,,,,,,,,,,,
. Tài sản cố định__1,149631111004.0,104800694663.0,91445079673.0,56441513754.0,,55949823127.0,57101553995.0,60895419348.0,45204166239.0,48748664291.0,45960220671.0,40286485152.0,39635185276.0,39914208571.0,23713409842.0,,,,,,63813785694.0
.. Tài sản cố định hữu hình__1,147821117676.0,102774034663.0,90068419673.0,56441513754.0,,55949823127.0,56026372177.0,58895419348.0,37987467426.0,42016037023.0,39227593403.0,31522544042.0,39293658004.0,30917147456.0,23713409842.0,,,,,,63813785694.0
- Nguyên giá__1,349743157374.0,295788290220.0,291076533025.0,240688574127.0,,215275993693.0,205675225029.0,198890059152.0,157941549104.0,151904988890.0,137843836426.0,120706873095.0,114731038417.0,93452395058.0,74103150054.0,,,,,,257337129248.0
- Giá trị hao mòn luỹ kế__1,-201922039698.0,-193014255557.0,-201008113352.0,-184247060373.0,,-159326170566.0,-149648852852.0,-139994639804.0,-119954081678.0,-109888951867.0,-98616243023.0,-89184329053.0,-75437380413.0,-62535247602.0,-50389740212.0,,,,,,-193523343554.0
.. Tài sản cố định thuê tài chính__1,,,,,,,,,,,,,,,,,,,,,
- Nguyên giá__2,,,,,,,,,,,,,,,,,,,,,
- Giá trị hao mòn luỹ kế__2,,,,,,,,,,,,,,,,,,,,,
.. Tài sản cố định vô hình__1,1809993328.0,2026660000.0,1376660000.0,,,,,2000000000.0,,,,,,,,,,,,,
- Nguyên giá__3,2026660000.0,2026660000.0,1376660000.0,,,,,2000000000.0,,,,,,,,,,,,,
- Giá trị hao mòn luỹ kế__3,-216666672.0,,,,,,,,,,,,,,,,,,,,
. Bất động sản đầu tư__1,,,,,,,,,,,,,,,,,,,,,
- Nguyên giá__4,,,,,,,,,,,,,,,,,,,,,
- Giá trị hao mòn luỹ kế__4,,,,,,,,,,,,,,,,,,,,,
. Tài sản dở dang dài hạn__1,64931019021.0,63328466585.0,,,,,,,,,,,,,,,,,,,
". Chi phí sản xuất, kinh doanh dở dang dài hạn__1",,,,,,,,,,,,,,,,,,,,,
. Chi phí xây dựng cơ bản dở dang__1,64931019021.0,63328466585.0,,,,,,,,,,,,,,,,,,,
. Đầu tư tài chính dài hạn__1,9486075146.0,8001815096.0,5584992077.0,5348927238.0,,5036299887.0,,,,,,,,,,,,,,,5604430380.0
. Đầu tư vào công ty con__1,,,,,,,,,,,,,,,,,,,,,
". Đầu tư vào công ty liên kết, liên doanh__1",9486075146.0,8001815096.0,5584992077.0,5348927238.0,,5036299887.0,4796272340.0,,,,,,,,,,,,,,5604430380.0
. Đầu tư góp vốn vào đơn vị khác__1,,,,,,,,,,,,,,,,,,,,,
. Dự phòng giảm giá đầu tư dài hạn__1,,,,,,,,-1283978000.0,,,,,,,,,,,,,
. Đầu tư nắm giữ đến ngày đáo hạn__1,,,,,,,,,,,,,,,,,,,,,
. Tài sản dài hạn khác__1,6255689126.0,10524977336.0,3157150673.0,2274366841.0,,2738372620.0,1619958495.0,4017496494.0,105367274.0,89748750.0,,,,,,,,,,,2626873114.0
. Chi phí trả trước dài hạn__1,6255689126.0,10524977336.0,2502844879.0,1437247288.0,,2347501326.0,1394447889.0,3844724539.0,105367274.0,89748750.0,,,,,,,,,,,2002310274.0
. Tài sản thuế thu nhập hoãn lại__1,,,654305794.0,837119553.0,,390871294.0,215510606.0,101371955.0,,,,,,,,,,,,,624562840.0
". Thiết bị, vật tư, phụ tùng thay thế dài hạn__1",,,,,,,,,,,,,,,,,,,,,
. Tài sản dài hạn khác__2,,,,,,,10000000.0,71400000.0,,,,,,,,,,,,,
". Ký quỹ, ký cược dài hạn__1",,,,,,,,,,,,,,,,,,,,,
. Lợi thế thương mại__1,,,,,,,,,,,,,,,,,,,,,
Tổng cộng tài sản__1,1237590720142.0,920046195505.0,738220433620.0,634708779119.0,,436565222420.0,368317930424.0,324779906023.0,293031293131.0,304092885177.0,265864407130.0,244763453059.0,234580785553.0,239782126474.0,168032362024.0,,,,,,639124127910.0
I - NỢ PHẢI TRẢ__1,484245450773.0,570433329711.0,426073805770.0,380518816304.0,,266413288997.0,204620275816.0,156878785545.0,160514478105.0,184619361620.0,164654070649.0,157422017981.0,151585203297.0,155335360198.0,120253382769.0,,,,,,363124473535.0
. Nợ ngắn hạn__1,479078850773.0,565460429711.0,421159005770.0,376555816304.0,,263796588997.0,202263732179.0,155623985545.0,159453978105.0,182706591620.0,160094070649.0,151262017981.0,141293762882.0,135300104291.0,111408956073.0,,,,,,358672773535.0
.. Phải trả người bán ngắn hạn__1,113993858529.0,260361724006.0,168134355399.0,73886813615.0,,63065343096.0,,,,,,,,,,,,,,,92807218093.0
.. Người mua trả tiền trước ngắn hạn__1,53399048786.0,81831990386.0,66469242179.0,57361515733.0,,29442908466.0,,,,,,,,,,,,,,,46197156014.0
..Thuế và các khoản phải nộp Nhà nước__1,6287959813.0,4598319855.0,4853779899.0,5173513862.0,,4617203201.0,3024123616.0,5400554589.0,2281854910.0,2054546772.0,1965671286.0,1140465681.0,1896097731.0,1354405076.0,492327452.0,,,,,,5439661108.0
.. Phải trả người lao động__1,7505509351.0,5237329870.0,9371295725.0,5666747237.0,,6156924304.0,4078341901.0,3121332322.0,1025752861.0,3796814944.0,2633172779.0,3129924303.0,1342327476.0,1245620277.0,1927684419.0,,,,,,11567978636.0
.. Chi phí phải trả ngắn hạn__1,178396201.0,138572746.0,183734945.0,883992654.0,,219026848.0,,,,,,,,,,,,,,,343566810.0
.. Phải trả nội bộ ngắn hạn__1,,,,,,,,,,,,,,,,,,,,,
.. Phải trả theo tiến độ kế hoạch hợp đồng xây dựng__1,,,,,,,,,,,,,,,,,,,,,
.. Doanh thu chưa thực hiện ngắn hạn__1,551018116.0,553132540.0,702143726.0,721007575.0,,735454546.0,,,,,,,,,,,,,,,357469697.0
.. Phải trả ngắn hạn khác__1,744246497.0,1265248452.0,3381438656.0,3219887071.0,,3244958256.0,,,,,,,,,,,,,,,3313700387.0
.. Vay và nợ thuê tài chính ngắn hạn__1,289429199980.0,204182460404.0,161942434396.0,227452344274.0,,155859177500.0,,,,,,,,,,,,,,,195122259806.0
.. Dự phòng phải trả ngắn hạn__1,,,,,,,,,,,,,,,,,,,,,
". Quỹ khen thưởng, phúc lợi__1",6989613500.0,7291651452.0,6120580845.0,2189994283.0,,455592780.0,,,,,,,,,,,,,,,3523762984.0
.. Quỹ bình ổn giá__1,,,,,,,,,,,,,,,,,,,,,
.. Giao dịch mua bán lại trái phiếu Chính phủ__1,,,,,,,,,,,,,,,,,,,,,
. Nợ dài hạn__1,5166600000.0,4972900000.0,4914800000.0,3963000000.0,,2616700000.0,2356543637.0,1254800000.0,1060500000.0,1912770000.0,4560000000.0,6160000000.0,10291440415.0,20035255907.0,8844426696.0,,,,,,4451700000.0
.. Phải trả dài hạn người bán__1,,,,,,,,,,,,,,,,,,,,,
. Người mua trả tiền trước dài hạn__1,,,,,,,,,,,,,,,,,,,,,
. Chi phí phải trả dài hạn__1,,,,,,,,,,,,,,,,,,,,,
. Phải trả nội bộ về vốn kinh doanh__1,,,,,,,,,,,,,,,,,,,,,
. Phải trả dài hạn nội bộ dài hạn__1,,,,,,,,,,,,,,,,,,,,,
. Doanh thu chưa thực hiện dài hạn__1,,,,,,,,,,,,,,,,,,,,,
.. Phải trả dài hạn khác__1,5166600000.0,4972900000.0,4704800000.0,3753000000.0,,2406700000.0,,,,,,,,,,,,,,,4241700000.0
. Vay và nợ thuê tài chính dài hạn__1,,,210000000.0,210000000.0,,210000000.0,,,,,,,,,,,,,,,210000000.0
. Trái phiếu chuyển đổi__1,,,,,,,,,,,,,,,,,,,,,
. Thuế thu nhập hoãn lại phải trả__1,,,,,,,,,,,,,,,,,,,,,
.. Dự phòng phải trả dài hạn__1,,,,,,,,,,,,,,,,,,,,,
.. Quỹ phát triển khoa học và công nghệ__1,,,,,,,,,,,,,,,,,,,,,
II - VỐN CHỦ SỞ HỮU__1,753345269369.0,349612865794.0,312146627850.0,254189962815.0,,170151933423.0,139550099039.0,142195573849.0,132516815026.0,119473523557.0,101210336481.0,87341435078.0,82995582256.0,84446766276.0,47778979255.0,,,,,,275999654375.0
I. Vốn chủ sở hữu__1,753345269369.0,349612865794.0,312146627850.0,254189962815.0,,170151933423.0,,,,,,,,,,,,,,,275999654375.0
. Vốn góp của chủ sở hữu__1,264088280000.0,211273650000.0,211273650000.0,125636910000.0,,62826020000.0,,,,,,,,,,,,,,,188447720000.0
- Cổ phiếu phổ thông có quyền biểu quyết__1,264088280000.0,211273650000.0,211273650000.0,125636910000.0,,62826020000.0,,,,,,,,,,,,,,,188447720000.0
- Cổ phiếu ưu đãi__1,,,,,,,,,,,,,,,,,,,,,
. Cổ phiếu ưu đãi__1,,,,,,,,,,,,,,,,,,,,,
. Thặng dư vốn cổ phần__1,315934410617.0,1000000000.0,1000000000.0,1000000000.0,,29335312000.0,,,,,,,,,,,,,,,1000000000.0
. Quyền chọn chuyển đổi trái phiếu__1,,,,,,,,,,,,,,,,,,,,,
. Vốn khác của chủ sở hữu__1,78779195717.0,39902986528.0,23253974374.0,33749972133.0,,26875859251.0,,,,,,,,,,,,,,,8275221714.0
. Cổ phiếu quỹ (*)__1,-8083874357.0,-8083874357.0,-8083874357.0,-8697423027.0,,-9426753027.0,,,,,,,,,,,,,,,-8083874357.0
. Chênh lệch đánh giá lại tài sản__1,,,,,,,,,,,,,,,,,,,,,
. Chênh lệch tỷ giá hối đoái__1,,,,,,,,,,,,,,,,,,,,,
. Quỹ đầu tư phát triển__1,10749248213.0,10749248213.0,12407262191.0,13074684878.0,,7014912642.0,,,,,,,,,,,,,,,12852719842.0
. Quỹ hỗ trợ sắp xếp doanh nghiệp__1,,,,,,,,,,,,,,,,,,,,,
. Quỹ khác thuộc vốn chủ sở hữu__1,,,,,,,,,,,,,,,,,,,,,
. Lợi nhuận sau thuế chưa phân phối__1,68298280866.0,71385246790.0,48883139040.0,63217039954.0,,27139371258.0,,,,,,,,,,,,,,,47356353922.0
- LNST chưa phân phối lũy kế đến cuối kỳ trước__1,67945519027.0,71385246790.0,48883139040.0,63217039954.0,,2358895948.0,,,,,,,,,,,,,,,47356353922.0
- LNST chưa phân phối kỳ này__1,352761839.0,,,,,24780475310.0,,,,,,,,,,,,,,,
. Nguồn vốn đầu tư XDCB__1,,,,,,,,,,,,,,,,,,,,,
. Lợi ích cổ đông không kiểm soát__1,23579728313.0,23385608620.0,23412476602.0,26208778877.0,,26387211299.0,,,,,,,,,,,,,,,26151513254.0
. Phụ trội hợp nhất công ty con__1,,,,,,,,,,,,,,,,,,,,,
. Nguồn kinh phí và các quỹ khác__1,,,,,,,,,,,,104719832.0,593615766.0,53476506.0,96284188.0,,,,,,
.. Nguồn kinh phí__1,,,,,,,,,,,,,,,,,,,,,
.. Nguồn kinh phí đã hình thành TSCĐ__1,,,,,,,,,,,,,,,,,,,,,
III - LỢI ÍCH CỦA CỔ ĐÔNG THIỂU SỐ__1,,,,,,,24147555569.0,25705546629.0,,,,,,,,,,,,,
Tổng cộng nguồn vốn__1,1237590720142.0,920046195505.0,738220433620.0,634708779119.0,,436565222420.0,368317930424.0,324779906023.0,293031293131.0,304092885177.0,265864407130.0,244763453059.0,234580785553.0,239782126474.0,168032362024.0,,,,,,639124127910.0
.. Đầu tư ngắn hạn__1,,,,,,,,,,,,,,,,,,,,,
.. Dự phòng giảm giá đầu tư ngắn hạn__1,,,,,,,,,,,,,,,,,,,,,
.. Giao dịch mua bán lại trái phiếu chính phủ__1,,,,,,,,,,,,,,,,,,,,,
.. Phải thu dài hạn nội bộ__1,,,,,,,,,,,,,,,,,,,,,
.. Chi phí xây dựng cơ bản dở dang__1,,,,,,,1075181818.0,,7216698813.0,6732627268.0,6732627268.0,8763941110.0,341527272.0,8997061115.0,,,,,,,
. Các khoản đầu tư tài chính dài hạn__1,,,,,,,13050895367.0,5661065579.0,2000000000.0,2000000000.0,2000000000.0,2000000000.0,2000000000.0,968043500.0,,,,,,,
. Đầu tư dài hạn khác__1,,,,,,,8254623027.0,6945043579.0,2000000000.0,2000000000.0,2000000000.0,2000000000.0,2000000000.0,968043500.0,,,,,,,
.. Vay và nợ ngắn hạn__1,,,,,,,129963746497.0,102094746600.0,112924958109.0,145693610639.0,117574468496.0,113463671508.0,97242400680.0,89886486170.0,68777785657.0,,,,,,
.. Phải trả người bán__1,,,,,,,36978980798.0,38449915609.0,28714539447.0,19994118023.0,31156271944.0,23006123658.0,28384083594.0,26179422612.0,26091850588.0,,,,,,
.. Người mua trả tiền trước__1,,,,,,,21927233438.0,354342959.0,10889293251.0,8700689934.0,5112036250.0,9133923901.0,11323565729.0,13787790624.0,13234378057.0,,,,,,
.. Chi phí phải trả__1,,,,,,,158874832.0,298472674.0,484932675.0,377442740.0,,65920681.0,166965000.0,,,,,,,,
.. Phải trả nội bộ__1,,,,,,,,,,,,,,,,,,,,,
".. Các khoản phải trả, phải nộp ngắn hạn khác__1",,,,,,,5433897154.0,5074918015.0,2935904783.0,2023001683.0,1546328237.0,1321988249.0,938322672.0,2846379532.0,884929900.0,,,,,,
.. Quỹ khen thưởng phúc lợi__1,,,,,,,,,,,106121657.0,,,,,,,,,,
.. Giao dịch mua bán lại trái phiếu chính phủ__2,,,,,,,,,,,,,,,,,,,,,
.. Doanh thu chưa thực hiện__1,,,,,,,,,,,,,,,,,,,,,
. Quỹ thưởng ban quản lý điều hành công ty__1,,,,,,,,,,,,,,,,,,,,,
.. Phải trả dài hạn nội bộ__1,,,,,,,,,,,,,,,,,,,,,
.. Vay và nợ dài hạn__1,,,,,,,1830100000.0,1254800000.0,1060500000.0,1612770000.0,4260000000.0,5860000000.0,9991440415.0,20035255907.0,8844426696.0,,,,,,
.. Thuế thu nhập hoãn lại phải trả__1,,,,,,,,,,,,,,,,,,,,,
.. Dự phòng trợ cấp mất việc làm__1,,,,,,,,,,300000000.0,300000000.0,300000000.0,300000000.0,,,,,,,,
.. Doanh thu chưa thực hiện__2,,,,,,,526443637.0,,,,,,,,,,,,,,
.. Quỹ phát triển khoa học công nghệ__1,,,,,,,,,,,,,,,,,,,,,
. Vốn chủ sở hữu__1,,,,,,,139550099039.0,142195573849.0,132516815026.0,119473523557.0,101210336481.0,87236715246.0,82401966490.0,84393289770.0,47682695067.0,,,,,,
.. Vốn đầu tư của chủ sở hữu__1,,,,,,,62826020000.0,62826020000.0,62826020000.0,62826020000.0,41226020000.0,41226020000.0,41226020000.0,37478200000.0,31708000000.0,,,,,,
.. Thặng dư vốn cổ phần__1,,,,,,,29335312000.0,29335312000.0,29335312000.0,29335312000.0,26849000000.0,26849000000.0,26849000000.0,26849000000.0,,,,,,,
.. Vốn khác của chủ sở hữu__1,,,,,,,23858927106.0,21004838183.0,20603424946.0,18885848301.0,13367300656.0,8821579869.0,7359350672.0,5385713414.0,5385713414.0,,,,,,
.. Cổ phiếu quỹ (*)__1,,,,,,,-15130000.0,-15130000.0,-15130000.0,-15130000.0,,,,,,,,,,,
.. Chênh lệch đánh giá lại tài sản__1,,,,,,,,,,,,,,,,,,,,,
.. Chênh lệch tỷ giá hối đoái__1,,,,,,,,,,-1573341.0,137940687.0,,,,,,,,,,
.. Quỹ đầu tư phát triển__1,,,,,,,89249865.0,89249865.0,89249865.0,89249865.0,89249865.0,89249865.0,1219258281.0,223107800.0,223107800.0,,,,,,
.. Quỹ dự phòng tài chính__1,,,,,,,6813117267.0,5570244662.0,4961609536.0,4122602000.0,4122602000.0,4122602000.0,3747767710.0,3274437164.0,841915171.0,,,,,,
.. Quỹ khác thuộc vốn chủ sở hữu__1,,,,,,,,,,,,,,,,,,,,,
.. Lợi nhuận sau thuế chưa phân phối__1,,,,,,,16642602801.0,23385039139.0,14716328679.0,4231194732.0,15418223273.0,6128263512.0,2000569827.0,11182831392.0,9523958682.0,,,,,,
.. Nguồn vốn đầu tư XDCB__1,,,,,,,,,,,,,,,,,,,,,
.. Quỹ hỗ trợ sắp xếp doanh nghiệp__1,,,,,,,,,,,,,,,,,,,,,
.. Quỹ dự trữ vốn điều lệ__1,,,,,,,,,,,,,,,,,,,,,
.. Quỹ khen thưởng phúc lợi__2,,,,,,,,,,,,104719832.0,593615766.0,53476506.0,96284188.0,,,,,,
I. LƯU CHUYỂN TIỀN TỪ HOẠT ĐỘNG KINH DOANH__1,,,,,,,,,,,,,,,,,,,,,
Lợi nhuận (lỗ) trước thuế__1,89512947248.0,120535893931.0,112659981723.0,95752800417.0,71534612159.0,51217907209.0,,,,,,,,,,,,,,,105887547691.0
Điều chỉnh cho các khoản:__1,,,,,,,,,,,,,,,,,,,,,
Khấu hao tài sản cố định__1,16651227054.0,13259391837.0,11831180737.0,14771208450.0,13153871906.0,12493291159.0,,,,,,,,,,,,,,,13214579144.0
Các khoản dự phòng__1,4069367768.0,3898270129.0,-556922014.0,-2975546196.0,-18676113.0,2699134339.0,,,,,,,,,,,,,,,-198450148.0
"Lãi, lỗ từ đầu tư vào công ty liên kết__1",,,,,,,,,,,,,,,,,,,,,
(Lãi) lỗ chênh lệch tỷ giá hối đoái chưa thực hiện__1,-360107397.0,-208581360.0,-19515755.0,3328899.0,213805485.0,231694857.0,,,,,,,,,,,,,,,-481854670.0
(Lãi)/lỗ từ hoạt động đầu tư/thanh lý tài sản cố định__1,-18155344654.0,-1695740446.0,-1211132311.0,-2173259430.0,-203447648.0,-1438399548.0,,,,,,,,,,,,,,,-2625445515.0
Chi phí lãi vay__1,13993022062.0,13323351965.0,14672444516.0,10580880673.0,8979692235.0,8083462675.0,,,,,,,,,,,,,,,12863068845.0
Các khoản giảm trừ khác__1,,,,,,,,,,,,,,,,,,,,,
Thu nhập từ lãi tiền gửi__1,,,,,,,,,,,,,,,,,,,,,
Phân bổ lợi thế thương mại__1,,,,,,,,,,,,,,,,,,,,,
Lãi lỗ thanh lý tài sản cố định__1,,,,,,,,,,,,,,,,,,,,,
Lợi nhuận (lỗ) từ hoạt động kinh doanh trước thay đổi vốn lưu động__1,105711112081.0,149112586056.0,137376036896.0,115959412813.0,93659858024.0,73287090691.0,,,,,,,,,,,,,,,128659445347.0
(Tăng) giảm các khoản phải thu__1,51385167365.0,-65800386272.0,-109591449972.0,6182040864.0,10033704592.0,-33748269113.0,,,,,,,,,,,,,,,-9062441343.0
"Tăng, giảm chứng khoán tự doanh__1",,,,,,,,,,,,,,,,,,,,,
(Tăng) giảm hàng tồn kho__1,33803557412.0,-29832903824.0,25146919206.0,-93041274955.0,-63095059386.0,-64428780106.0,,,,,,,,,,,,,,,6790443160.0
"Tăng/(giảm) các khoản phải trả (không bao gồm lãi vay, thuế thu nhập doanh nghiệp phải trả)__1",-182897845114.0,93928519837.0,93008046985.0,8016883150.0,28995664099.0,32262214165.0,,,,,,,,,,,,,,,11088941163.0
(Tăng) giảm chi phí trả trước__1,4269288210.0,-8022132457.0,-500534605.0,652176924.0,258077114.0,-758058537.0,,,,,,,,,,,,,,,-565062986.0
Tiền lãi vay đã trả__1,-13953198607.0,-13368514164.0,-14832276381.0,-10516629810.0,-8834944791.0,-8023310659.0,,,,,,,,,,,,,,,-12924444689.0
Thuế thu nhập doanh nghiệp đã nộp__1,-16422783879.0,-24546799385.0,-21716105172.0,-19925627848.0,-12313690254.0,-11462369592.0,,,,,,,,,,,,,,,-22076461991.0
Tiền thu khác từ hoạt động kinh doanh__1,,,,1186457592.0,,749100000.0,,,,,,,,,,,,,,,
Tiền chi khác cho hoạt động kinh doanh__1,-5187979836.0,-6778397067.0,-1740597175.0,-5549209251.0,-3274711116.0,-3785856648.0,,,,,,,,,,,,,,,-10255572239.0
Tăng tài sản ngắn hạn khác__1,,,,,,,,,,,,,,,,,,,,,
Chênh lệch tỷ giá trong giai đoạn đầu tư__1,,,,,,,,,,,,,,,,,,,,,
Lưu chuyển tiền thuần từ hoạt động kinh doanh__1,-23292682368.0,94691972724.0,107150039782.0,2964229479.0,45428898282.0,-15908239799.0,,,,,,,,,,,,,,,91654846422.0
II. LƯU CHUYỂN TIỀN TỪ HOẠT ĐỘNG ĐẦU TƯ__1,,,,,,,,,,,,,,,,,,,,,
"Tiền chi để mua sắm, xây dựng tài sản cố định__1",-60524468443.0,-89015588377.0,-40292507449.0,-18606786913.0,-10484830005.0,-11341560291.0,,,,,,,,,,,,,,,-20586851083.0
"Tiền thu do thanh lý, nhượng bán TSCĐ và các tài sản dài hạn khác__1",244419091.0,1125514123.0,1105712677.0,40944318.0,288000000.0,339090909.0,,,,,,,,,,,,,,,1205333706.0
"Tiền chi cho vay, mua các công cụ nợ của đơn vị khác__1",-350000000000.0,-15000000000.0,,,,,,,,,,,,,,,,,,,-20000000000.0
"Tiền thu hồi cho vay, bán lại công cụ nợ của đơn vị khác__1",,15000000000.0,20000000000.0,,,,,,,,,,,,,,,,,,
Tiền chi đầu tư góp vốn vào đơn vị khác__1,,,,,,,,,,,,,,,,,,,,,
Tiền thu do bán các khoản đầu tư góp vốn vào đơn vị khác__1,,,,,,,,,,,,,,,,,,,,,
"Tiền thu lãi cho vay, cổ tức và lợi nhuận được chia__1",106166572.0,1299401105.0,935452367.0,72589430.0,590293583.0,1099308639.0,,,,,,,,,,,,,,,2625445515.0
Tiền đầu tư xây dựng nhà xưởng__1,,,,,,,,,,,,,,,,,,,,,
. Tăng lợi ích của cổ đông thiếu số khi hợp nhất công ty con__1,,,,,,,,,,,,,,,,,,,,,
. Loại trừ lợi ích của cổ đông thiểu số khi thanh lý công ty con__1,,,,,,,,,,,,,,,,,,,,,
. Tiền mặt tại công ty con mua trong năm__1,,,,,,,,,,,,,,,,,,,,,
. Tiền thu do nhượng bán các khoản đầu tư vào công ty con__1,,,,,,,,,,,,,,,,,,,,,
. Tiền chi gửi ngắn hạn__1,,,,,,,,,,,,,,,,,,,,,
. Tiền thu lãi từ gửi ngắn hạn__1,,,,,,,,,,,,,,,,,,,,,
. Tiền chi mua tài sản khác__1,,,,,,,,,,,,,,,,,,,,,
. Giảm tiền gửi ngân hàng có kỳ hạn__1,,,,,,,,,,,,,,,,,,,,,
. Tiền chi để mua thêm cổ phần của công ty con__1,,,,,,,,,,,,,,,,,,,,,
". Tiền thu từ các khoản ký gửi, ký quỹ dài hạn__1",,,,,,,,,,,,,,,,,,,,,
. Tiền gửi ngắn hạn__1,,,,,,,,,,,,,,,,,,,,,
. Rút tiền gửi ngắn hạn__1,,,,,,,,,,,,,,,,,,,,,
. Tiền thu từ chuyển quyền góp vốn vào dự án__1,,,,,,,,,,,,,,,,,,,,,
Lưu chuyển tiền thuần từ hoạt động đầu tư__1,-410173882780.0,-86590673149.0,-18251342405.0,-18493253165.0,-9606536422.0,-9903160743.0,,,,,,,,,,,,,,,-36756071862.0
III. LƯU CHUYỂN TIỀN TỪ HOẠT ĐỘNG TÀI CHÍNH__1,,,,,,,,,,,,,,,,,,,,,
"Tiền thu từ phát hành cổ phiếu, nhận góp vốn của chủ sở hữu__1",367749040617.0,,,,,,,,,,,,,,,,,,,,
"Tiền chi trả vốn góp cho các chủ sở hữu, mua lại cổ phiếu của doanh nghiệp của doanh nghiệp đã phát hành__1",,,,,,,,,,,,,,,,,,,,,
Tiền thu từ nhận góp vốn liên doanh__1,,,,,,,,,,,,,,,,,,,,,
"Tiền vay ngắn hạn, dài hạn nhận được__1",741472034777.0,487720954470.0,470844711901.0,440962434871.0,319924663493.0,281911646761.0,,,,,,,,,,,,,,,578207189584.0
Tiền chi trả nợ gốc vay__1,-656225295201.0,-445690928462.0,-504024537311.0,-382096968587.0,-307196963003.0,-256016215758.0,,,,,,,,,,,,,,,-610537274052.0
Tiền chi trả nợ thuê tài chính__1,,,,,,,,,,,,,,,,,,,,,
Tiền chi cho đầu tư ngắn hạn__1,,,,,,,,,,,,,,,,,,,,,
"Cổ tức, lợi nhuận đã trả cho chủ sở hữu__1",-20359152000.0,-44382309000.0,-46823379000.0,-15483409270.0,-21468616500.0,-19062546500.0,,,,,,,,,,,,,,,-51353033500.0
"Cổ tức, lợi nhuận đã trả cho cổ đông thiểu số__1",,,,,,,,,,,,,,,,,,,,,
Nhận vốn góp của cổ đông thiểu số__1,,,,,,,,,,,,,,,,,,,,,
Chi khác từ lợi nhuận chưa phân phối__1,,,,,,,,,,,,,,,,,,,,,
Tiền thu từ lãi tiền gửi__1,,,,,,,,,,,,,,,,,,,,,
Lưu chuyển tiền thuần từ/(sử dụng vào) hoạt động tài chính__1,432636628193.0,-2352282992.0,-80003204410.0,43382057014.0,-8740916010.0,6832884503.0,,,,,,,,,,,,,,,-83683117968.0
Lưu chuyển tiền thuần trong năm__1,-829936955.0,5749016583.0,8895492967.0,27853033328.0,27081445850.0,-18978516039.0,,,,,,,,,,,,,,,-28784343408.0
Tiền và tương đương tiền đầu năm__1,60494389520.0,54741891996.0,45842564811.0,46770671060.0,19686710186.0,38659893686.0,,,,,,,,,,,,,,,74620375489.0
Ảnh hưởng của thay đổi tỷ giá hối đoái quy đổi ngoại tệ__1,4803206.0,3480941.0,3834218.0,-3328899.0,2515024.0,5332539.0,,,,,,,,,,,,,,,6532730.0
Chênh lệch tỷ giá chuyển đối báo cáo tài chính__1,,,,,,,,,,,,,,,,,,,,,
Tiền và tương đương tiền cuối năm__1,59669255771.0,60494389520.0,54741891996.0,74620375489.0,46770671060.0,19686710186.0,,,,,,,,,,,,,,,45842564811.0
I. Lưu chuyển tiền từ hoạt động kinh doanh__1,,,,,,,,,,,,,,,,,,,,,
". Tiền thu từ bán hàng, cung cấp dịch vụ và doanh thu khác__1",,,,,,,224121774110.0,540307710960.0,562460892375.0,631769939598.0,,,,,,,,,,,
. Tiền chi trả cho người cung cấp hàng hóa và dịch vụ__1,,,,,,,-133167463078.0,-536261293643.0,-433130747703.0,-558413481413.0,,,,,,,,,,,
. Tiền chi trả cho người lao động__1,,,,,,,-25512891251.0,-57826505373.0,-44670335749.0,-46479272549.0,,,,,,,,,,,
. Tiền chi trả lãi vay__1,,,,,,,-2259231366.0,-9462656404.0,-19900302109.0,-23862388575.0,,,,,,,,,,,
. Tiền chi nộp thuế thu nhập doanh nghiệp__1,,,,,,,-2002436769.0,-6751998888.0,-4308915646.0,-5445555818.0,,,,,,,,,,,
. Tiền thu khác từ hoạt động kinh doanh__1,,,,,,,33790543461.0,184741982966.0,50834083927.0,536355004.0,,,,,,,,,,,
. Tiền chi khác cho hoạt động kinh doanh__1,,,,,,,-28066665184.0,-75621524114.0,-65809559398.0,-18656810108.0,,,,,,,,,,,
Lưu chuyển tiền thuần từ hoạt động kinh doanh__1,,,,,,,66903629923.0,39125715504.0,45475115697.0,-20551213861.0,,,,,,,,,,,
II. LƯU CHUYỂN TIỀN TỪ HOẠT ĐỘNG ĐẦU TƯ__1,,,,,,,,,,,,,,,,,,,,,
"Tiền chi để mua sắm, xây dựng tài sản cố định__1",,,,,,,-1751990984.0,-7993734368.0,-7480636915.0,-14151756289.0,,,,,,,,,,,
"Tiền thu do thanh lý, nhượng bán TSCĐ và các tài sản dài hạn khác__1",,,,,,,110000000.0,72000000.0,60000000.0,500000.0,,,,,,,,,,,
"Tiền chi cho vay, mua các công cụ nợ của đơn vị khác__1",,,,,,,,,,,,,,,,,,,,,
"Tiền thu hồi cho vay, bán lại công cụ nợ của đơn vị khác__1",,,,,,,,,,,,,,,,,,,,,
Tiền chi đầu tư góp vốn vào đơn vị khác__1,,,,,,,-4597145027.0,-8496742268.0,,,,,,,,,,,,,
Tiền thu do bán các khoản đầu tư góp vốn vào đơn vị khác__1,,,,,,,,,,,,,,,,,,,,,
"Tiền thu lãi cho vay, cổ tức và lợi nhuận được chia__1",,,,,,,1966787443.0,8750341440.0,6006843794.0,8786791108.0,,,,,,,,,,,
Tiền đầu tư xây dựng nhà xưởng__1,,,,,,,,,,,,,,,,,,,,,
. Tăng lợi ích của cổ đông thiếu số khi hợp nhất công ty con__1,,,,,,,,,,,,,,,,,,,,,
. Loại trừ lợi ích của cổ đông thiểu số khi thanh lý công ty con__1,,,,,,,,,,,,,,,,,,,,,
. Tiền mặt tại công ty con mua trong năm__1,,,,,,,,,,,,,,,,,,,,,
. Tiền thu do nhượng bán các khoản đầu tư vào công ty con__1,,,,,,,,,,,,,,,,,,,,,
. Tiền chi gửi ngắn hạn__1,,,,,,,,,,,,,,,,,,,,,
. Tiền thu lãi từ gửi ngắn hạn__1,,,,,,,,,,,,,,,,,,,,,
. Tiền chi mua tài sản khác__1,,,,,,,,,,,,,,,,,,,,,
. Giảm tiền gửi ngân hàng có kỳ hạn__1,,,,,,,,,,,,,,,,,,,,,
. Tiền chi để mua thêm cổ phần của công ty con__1,,,,,,,,,,,,,,,,,,,,,
". Tiền thu từ các khoản ký gửi, ký quỹ dài hạn__1",,,,,,,,,,,,,,,,,,,,,
. Tiền gửi ngắn hạn__1,,,,,,,,,,,,,,,,,,,,,
. Rút tiền gửi ngắn hạn__1,,,,,,,,,,,,,,,,,,,,,
. Tiền thu từ chuyển quyền góp vốn vào dự án__1,,,,,,,,,,,,,,,,,,,,,
Lưu chuyển tiền thuần từ hoạt động đầu tư__1,,,,,,,-4272348568.0,-7668135196.0,-1413793121.0,-5364465181.0,,,,,,,,,,,
III. LƯU CHUYỂN TIỀN TỪ HOẠT ĐỘNG TÀI CHÍNH__1,,,,,,,,,,,,,,,,,,,,,
"Tiền thu từ phát hành cổ phiếu, nhận góp vốn của chủ sở hữu__1",,,,,,,,300000000.0,,15841112000.0,,,,,,,,,,,
"Tiền chi trả vốn góp cho các chủ sở hữu, mua lại cổ phiếu của doanh nghiệp của doanh nghiệp đã phát hành__1",,,,,,,,,,,,,,,,,,,,,
Tiền thu từ nhận góp vốn liên doanh__1,,,,,,,,,,,,,,,,,,,,,
"Tiền vay ngắn hạn, dài hạn nhận được__1",,,,,,,22358140400.0,264729556398.0,346996812190.0,407224412270.0,,,,,,,,,,,
Tiền chi trả nợ gốc vay__1,,,,,,,-61855346599.0,-275447331506.0,-380317734720.0,-381752500127.0,,,,,,,,,,,
Tiền chi trả nợ thuê tài chính__1,,,,,,,,,,,,,,,,,,,,,
Tiền chi cho đầu tư ngắn hạn__1,,,,,,,,,,,,,,,,,,,,,
"Cổ tức, lợi nhuận đã trả cho chủ sở hữu__1",,,,,,,-14108882000.0,,-12548956000.0,-12548956000.0,,,,,,,,,,,
"Cổ tức, lợi nhuận đã trả cho cổ đông thiểu số__1",,,,,,,,,,,,,,,,,,,,,
Nhận vốn góp của cổ đông thiểu số__1,,,,,,,,,,,,,,,,,,,,,
Chi khác từ lợi nhuận chưa phân phối__1,,,,,,,,,,,,,,,,,,,,,
Tiền thu từ lãi tiền gửi__1,,,,,,,,,,,,,,,,,,,,,
Lưu chuyển tiền thuần từ/(sử dụng vào) hoạt động tài chính__1,,,,,,,-53606088199.0,-10417775108.0,-45869878530.0,28764068143.0,,,,,,,,,,,
Lưu chuyển tiền thuần trong năm__1,,,,,,,9025193156.0,21039805200.0,-1808555954.0,2848389101.0,,,,,,,,,,,
Tiền và tương đương tiền đầu năm__1,,,,,,,29632850776.0,21164898808.0,22973454762.0,20126639002.0,,,,,,,,,,,
Ảnh hưởng của thay đổi tỷ giá hối đoái quy đổi ngoại tệ__1,,,,,,,1849754.0,-2249167.0,,-1573341.0,,,,,,,,,,,
Chênh lệch tỷ giá chuyển đối báo cáo tài chính__1,,,,,,,,,,,,,,,,,,,,,
Tiền và tương đương tiền cuối năm__1,,,,,,,38659893686.0,42202454841.0,21164898808.0,22973454762.0,,,,,,,,,,,
