field,[2021],[2020],[2019],[2018],[2016],[2015],[2014],[2013],[2012],[2011],[2010],[2009],[2008],[2007],[2006],[2005],[2004],[2003],[2002],[2001],[2017],[2000]
. Doanh thu bán hàng và cung cấp dịch vụ__1,659260549082.0,802240521980.0,874779551788.0,412289720236.0,1301579187148.0,723315713867.0,330621604295.0,418889757262.0,479914808824.0,482586262906.0,752972159991.0,706894775791.0,322150753932.0,271291589379.0,,,,,,,,
. Các khoản giảm trừ doanh thu__1,128383270.0,7081818.0,19912160.0,,,47527000.0,,,,,,14200000.0,25839000.0,27311500.0,,,,,,,,
. Doanh thu thuần về bán hàng và cung cấp dịch vụ__1,659132165812.0,802233440162.0,874759639628.0,412289720236.0,1301579187148.0,723268186867.0,330621604295.0,418889757262.0,479914808824.0,482586262906.0,752972159991.0,706880575791.0,322124914932.0,271264277879.0,,,,,,,,
. Giá vốn hàng bán__1,530050105850.0,666857279950.0,755009338629.0,318521883189.0,1023490251526.0,496605482666.0,204708309379.0,331472449303.0,299849130860.0,274803007263.0,477578387351.0,521343877758.0,225667062991.0,207609208100.0,,,,,,,,
. Lợi nhuận gộp về bán hàng và cung cấp dịch vụ__1,129082059962.0,135376160212.0,119750300999.0,93767837047.0,278088935622.0,226662704201.0,125913294916.0,87417307959.0,180065677964.0,207783255643.0,275393772640.0,185536698033.0,96457851941.0,63655069779.0,,,,,,,,
. Doanh thu hoạt động tài chính__1,10847323144.0,12713639816.0,6457738870.0,10203591593.0,17260738239.0,9223973731.0,17012475184.0,39419572798.0,37501966944.0,39236688180.0,11643785070.0,5357544990.0,4327368566.0,472326850.0,,,,,,,,
. Chi phí tài chính__1,4923757053.0,7038160993.0,3094213099.0,2896428348.0,14456415781.0,30946203216.0,14652061043.0,11022649035.0,1356808748.0,51244870144.0,33623562912.0,31854518758.0,23351583955.0,3846088517.0,,,,,,,,
- Trong đó: Chi phí lãi vay__1,3676728124.0,4552577118.0,2360730075.0,2015393325.0,10748143428.0,4270329416.0,6164084873.0,3365538460.0,575953523.0,4379319996.0,5698990590.0,3619254338.0,2981428559.0,3555990430.0,,,,,,,,
". Phần lãi lỗ hoặc lỗ trong công ty liên doanh, liên kết__1",20355519365.0,-40737120.0,612875944.0,-10386379.0,,-614508950.0,,,,,,,,,,,,,,,,
. Chi phí bán hàng__1,40036046250.0,30884294947.0,36188376074.0,38320081268.0,36769772678.0,25431452402.0,14060374448.0,7102788259.0,7718549935.0,15431497724.0,12969706591.0,30930734096.0,17215393782.0,19266873485.0,,,,,,,,
. Chi phí quản lý doanh nghiệp__1,54565236220.0,70810400304.0,53155263111.0,51069573759.0,134373436893.0,84409381479.0,48280095658.0,66507320168.0,88414361921.0,57944724924.0,57969050767.0,36423905529.0,23410103707.0,16341079671.0,,,,,,,,
. Lợi nhuận thuần từ hoạt động kinh doanh__1,60759862948.0,39316206664.0,34383063529.0,11674958886.0,109750048509.0,94485131885.0,65933238951.0,42204123295.0,120077924304.0,122398851031.0,182475237440.0,91685084640.0,36808139063.0,24673354956.0,,,,,,,,
. Thu nhập khác__1,1213702195.0,1285621089.0,4949456351.0,1003597698.0,4262402953.0,15831239133.0,10220204271.0,1403304513.0,2074570180.0,1801985791.0,566483516.0,1518823269.0,964851385.0,35429248.0,,,,,,,,
. Chi phí khác__1,3179248652.0,344453012.0,249457764.0,206902020.0,2446035899.0,22965360056.0,13384793116.0,1804960744.0,1783316050.0,976463856.0,880050132.0,2462048307.0,823649781.0,1693358.0,,,,,,,,
. Lợi nhuận khác__1,-1965546457.0,941168077.0,4699998587.0,796695678.0,1816367054.0,-7134120923.0,-3164588845.0,-401656231.0,291254130.0,825521935.0,-313566616.0,-943225038.0,141201604.0,33735890.0,,,,,,,,
. Tổng lợi nhuận kế toán trước thuế__1,58794316491.0,40257374741.0,39083062116.0,12471654564.0,111566415563.0,87351010962.0,64374581364.0,42117727715.0,119994457525.0,122948010525.0,184689030825.0,95113056481.0,38723721622.0,26596456391.0,,,,,,,,
. Chi phí thuế TNDN hiện hành__1,8430044214.0,8896727612.0,7884977740.0,3418020633.0,17526272784.0,13513288570.0,3938960504.0,6713185020.0,3643688462.0,3240836708.0,20750912479.0,5275185590.0,1777790228.0,3723393674.0,,,,,,,,
. Chi phí thuế TNDN hoãn lại__1,55317273.0,161304648.0,486602441.0,70921414.0,-97751647.0,690018607.0,-1393431266.0,-471225289.0,146792343.0,5129369688.0,-6306474657.0,-335235133.0,,,,,,,,,,
. Lợi nhuận sau thuế thu nhập doanh nghiệp__1,50308955004.0,31199342481.0,30711481935.0,8982712517.0,94137894426.0,73147703785.0,61829052126.0,35875767984.0,116203976720.0,114577804129.0,170244593003.0,90173106024.0,36945931394.0,22873062717.0,,,,,,,,
. Lợi ích của cổ đông thiểu số__1,2196725947.0,-603313775.0,850807720.0,-353948491.0,-601252555.0,-40266914.0,-2270257826.0,-8715135.0,-11772063.0,-10918515.0,481480.0,2432853.0,-903485.0,-761075.0,,,,,,,,
. Lợi nhuận sau thuế của công ty mẹ__1,48112229057.0,31802656256.0,29860674215.0,9336661008.0,94739146981.0,73187970699.0,64099309952.0,35884483119.0,116215748783.0,114588722644.0,170244111523.0,90170673171.0,36946834879.0,22873823792.0,,,,,,,,
. Lãi cơ bản trên cổ phiếu__1,947.0,628.0,590.0,183.0,2.0,1789.0,1694.0,978.0,3173.0,3911.0,8495.0,9115.0,5009.0,12442.0,,,,,,,,
. Lãi suy giảm trên cổ phiếu__1,,,,,2.0,1789.0,,,,,,,,,,,,,,,,
. Cổ tức__1,,,,,,,,,,,,,,,,,,,,,,
. Phần lãi (lỗ thuần) trong công ty liên doanh/liên kết__1,,,,,,,1605931258.0,315260651.0,-374720909.0,-276362441.0,2527360001.0,4371196879.0,1774380955.0,1889365545.0,,,,,,,,
I - TÀI SẢN NGẮN HẠN__1,878345287612.0,1205815319102.0,1111580805021.0,776004275170.0,837739419817.0,723760536538.0,700222849925.0,621323992415.0,629361325212.0,898771638376.0,932812715179.0,549583796590.0,377769691420.0,292645486835.0,,,,,,,768877823874.0,
. Tiền và các khoản tương đương tiền__1,154654621594.0,305194698884.0,43233704656.0,105654744462.0,102917130476.0,70756440806.0,54385152551.0,102113629277.0,190601931601.0,418681115349.0,177530977614.0,37960063573.0,36950509855.0,3653530353.0,,,,,,,153707069113.0,
..Tiền__1,118932163512.0,288814698884.0,34274492095.0,56354744462.0,51964130476.0,26981440806.0,43232892565.0,17113629277.0,41706376601.0,19831115349.0,33091629222.0,11960063573.0,28150509855.0,3653530353.0,,,,,,,46307069113.0,
..Các khoản tương đương tiền__1,35722458082.0,16380000000.0,8959212561.0,49300000000.0,50953000000.0,43775000000.0,11152259986.0,85000000000.0,148895555000.0,398850000000.0,144439348392.0,26000000000.0,8800000000.0,,,,,,,,107400000000.0,
. Các khoản đầu tư tài chính ngắn hạn__1,27245487699.0,23922295740.0,12912295740.0,40407295740.0,4751543907.0,7201543907.0,19271543907.0,5339996983.0,8420000000.0,22778638845.0,16314852743.0,37265250000.0,370000000.0,490000000.0,,,,,,,19567295740.0,
.. Chứng khoán kinh doanh__1,,67295740.0,4257295740.0,14257295740.0,4414215740.0,4414215740.0,,,,,,,,,,,,,,,67295740.0,
.. Dự phòng giảm giá chứng khoán kinh doanh__1,,,,,-2962671833.0,-2962671833.0,,,,,,,,,,,,,,,,
.. Đầu tư nắm giữ đến ngày đáo hạn__1,27245487699.0,23855000000.0,8655000000.0,26150000000.0,3300000000.0,5750000000.0,,,,,,,,,,,,,,,19500000000.0,
. Các khoản phải thu ngắn hạn__1,556366668916.0,643216523353.0,833716099894.0,462013134724.0,607098095849.0,476735061218.0,478713890549.0,406998395008.0,327327630896.0,350930142141.0,600974468179.0,354119606647.0,116475032998.0,125477417430.0,,,,,,,394957673793.0,
..Phải thu khách hàng__1,429460309137.0,544086916320.0,701026066617.0,309996645383.0,528648616598.0,404907020042.0,397427735291.0,343909784079.0,251825184344.0,200891829041.0,479823159510.0,298652668045.0,66824283644.0,118466119250.0,,,,,,,316817127655.0,
..Trả trước cho người bán__1,123025012931.0,87833842603.0,99644618414.0,113490599155.0,33515767145.0,35727380860.0,47372446601.0,28642279423.0,37636241710.0,62812939835.0,58524871528.0,24773269906.0,23915710897.0,2086880883.0,,,,,,,42050278239.0,
.. Phải thu nội bộ ngắn hạn__1,,,,,,,,,,,,,,,,,,,,,,
.. Phải thu theo tiến độ Kế hoạch hợp đồng xây dựng__1,,,,,,,,,,,,,,,,,,,,,,
. Phải thu về cho vay ngắn hạn__1,6292000000.0,18842000000.0,23142000000.0,16100000000.0,29875000000.0,6000000000.0,,,,,,,,,,,,,,,28286650000.0,
.. Các khoản phải thu khác__1,32255770005.0,31723215864.0,35539198169.0,47468913987.0,40737277003.0,33957192647.0,36961094197.0,59698996664.0,60998931204.0,90354475839.0,64691432587.0,34398347832.0,26051540563.0,6426805296.0,,,,,,,34772251186.0,
.. Dự phòng phải thu ngắn hạn khó đòi__1,-34666423157.0,-39269451434.0,-25635783306.0,-25043023801.0,-25678564897.0,-3856532331.0,-3047385540.0,-25252665158.0,-23132726362.0,-3129102574.0,-2064995446.0,-3704679136.0,-316502106.0,-1502387999.0,,,,,,,-26968633287.0,
. Tài sản thiếu chờ xử lý__1,,,,,,,,,,,,,,,,,,,,,,
. Hàng tồn kho__1,138755044899.0,232086855136.0,220602838433.0,166454354718.0,119697125564.0,165495812019.0,113006519776.0,80573365759.0,78869367707.0,63547922967.0,107189810334.0,81622220335.0,202881347085.0,148078151027.0,,,,,,,197328377409.0,
.. Hàng tồn kho__1,138755044899.0,232086855136.0,220602838433.0,166454354718.0,119943012890.0,167235568126.0,113006519776.0,80573365759.0,78869367707.0,63547922967.0,107189810334.0,81622220335.0,202881347085.0,148078151027.0,,,,,,,197328377409.0,
.. Dự phòng giảm giá hàng tồn kho__1,,,,,-245887326.0,-1739756107.0,,,,,,,,,,,,,,,,
. Tài sản ngắn hạn khác__1,1323464504.0,1394945989.0,1115866298.0,1474745526.0,3275524021.0,3571678588.0,34845743142.0,26298605388.0,24142395008.0,42833819074.0,30802606309.0,38616656035.0,21092801482.0,14946388025.0,,,,,,,3317407819.0,
.. Chi phí trả trước ngắn hạn__1,466154828.0,570526862.0,294664205.0,749070763.0,574208876.0,630769939.0,666394101.0,442445478.0,341492527.0,444072217.0,531811227.0,4123207189.0,34810599.0,37800000.0,,,,,,,579406213.0,
.. Thuế GTGT được khấu trừ__1,857309676.0,800687938.0,821202093.0,725674763.0,2701315145.0,2940908649.0,10477613928.0,5363828017.0,3546002670.0,4989732995.0,1515116289.0,906464200.0,2166489003.0,54214024.0,,,,,,,2738001606.0,
.. Thuế và các khoản khác phải thu Nhà nước__1,,23731189.0,,,,,,,,25880646.0,,952024.0,5436000.0,5436000.0,,,,,,,,
. Giao dịch mua bán lại trái phiếu Chính phủ__1,,,,,,,,,,,,,,,,,,,,,,
.. Tài sản ngắn hạn khác__1,,,,,,,23701735113.0,20492331893.0,20254899811.0,37374133216.0,28755678793.0,33586032622.0,18886065880.0,14848938001.0,,,,,,,,
II - TÀI SẢN DÀI HẠN__1,266981070897.0,292342684894.0,301775568171.0,280456566797.0,322730991079.0,416794801765.0,387979897863.0,343360549302.0,310728782417.0,241822635532.0,217178248405.0,139716232071.0,60831026120.0,61227843944.0,,,,,,,287807352880.0,
. Các khoản phải thu dài hạn__1,181700000.0,181700000.0,181700000.0,17002779544.0,57734973962.0,95182713962.0,,94860000.0,,,,,,,,,,,,,39917664544.0,
.. Phải thu dài hạn của khách hàng__1,,,,16808672044.0,57632688962.0,94241688962.0,,,,,,,,,,,,,,,39725672044.0,
. Trả trước cho người bán dài hạn__1,,,,,,,,,,,,,,,,,,,,,,
.. Vốn kinh doanh ở đơn vị trực thuộc__1,,,,,,,,,,,,,,,,,,,,,,
.. Phải thu nội bộ dài hạn__1,,,,,,,,,,,,,,,,,,,,,,
. Phải thu về cho vay dài hạn__1,,,,,,,,,,,,,,,,,,,,,,
.. Phải thu dài hạn khác__1,181700000.0,181700000.0,181700000.0,194107500.0,102285000.0,941025000.0,,94860000.0,,,,,,,,,,,,,191992500.0,
.. Dự phòng phải thu khó đòi__1,,,,,,,,,,,,,,,,,,,,,,
. Tài sản cố định__1,10808666196.0,66946209283.0,81023827337.0,92425900245.0,127727451253.0,156318883644.0,221370126138.0,168997434325.0,144552845991.0,114323074863.0,93405672862.0,70014533030.0,23913107087.0,13138172166.0,,,,,,,111293445343.0,
.. Tài sản cố định hữu hình__1,8728885895.0,64217613458.0,77598222955.0,87419026296.0,123528970915.0,150750333490.0,163124460128.0,123906083353.0,100489529714.0,33595080512.0,19328729808.0,13529533179.0,19482158196.0,8566756556.0,,,,,,,106373654764.0,
- Nguyên giá__1,87619347126.0,183196233398.0,189679783791.0,181283227852.0,216691978550.0,218738562166.0,206068607800.0,160678682723.0,124105013619.0,47931579873.0,25882892262.0,27402011678.0,27345351321.0,12574315895.0,,,,,,,191279706908.0,
- Giá trị hao mòn luỹ kế__1,-78890461231.0,-118978619940.0,-112081560836.0,-93864201556.0,-93163007635.0,-67988228676.0,-42944147672.0,-36772599370.0,-23615483905.0,-14336499361.0,-6554162454.0,-13872478499.0,-7863193125.0,-4007559339.0,,,,,,,-84906052144.0,
.. Tài sản cố định thuê tài chính__1,,,,,,,,,,,,,,,,,,,,,,
- Nguyên giá__2,,,,,,,,,,,,,,,,,,,,,,
- Giá trị hao mòn luỹ kế__2,,,,,,,,,,,,,,,,,,,,,,
.. Tài sản cố định vô hình__1,2079780301.0,2728595825.0,3425604382.0,5006873949.0,4198480338.0,5568550154.0,11025610093.0,10160809604.0,11157512780.0,10086792002.0,10763294790.0,9999360094.0,2772416197.0,2655191790.0,,,,,,,4919790579.0,
- Nguyên giá__3,7833342257.0,7833342257.0,7833342257.0,12655413676.0,13448574227.0,22623770879.0,21937393457.0,13392380384.0,13515555064.0,11735377406.0,11735377406.0,10373892559.0,2987901383.0,2753659383.0,,,,,,,13941282381.0,
- Giá trị hao mòn luỹ kế__3,-5753561956.0,-5104746432.0,-4407737875.0,-7648539727.0,-9250093889.0,-17055220725.0,-10911783364.0,-3231570780.0,-2358042284.0,-1648585404.0,-972082616.0,-374532465.0,-215485186.0,-98467593.0,,,,,,,-9021491802.0,
. Bất động sản đầu tư__1,8038288648.0,8038288648.0,2439124331.0,,,,,,,,,,,,,,,,,,,
- Nguyên giá__4,10190534149.0,10190534149.0,2439124331.0,,,,,,,,,,,,,,,,,,,
- Giá trị hao mòn luỹ kế__4,-2152245501.0,-2152245501.0,,,,,,,,,,,,,,,,,,,,
. Tài sản dở dang dài hạn__1,246601885.0,246601885.0,341791885.0,1951033026.0,6204557842.0,19098886815.0,,,,,,,,,,,,,,,341791885.0,
". Chi phí sản xuất, kinh doanh dở dang dài hạn__1",,,,,,,,,,,,,,,,,,,,,,
. Chi phí xây dựng cơ bản dở dang__1,246601885.0,246601885.0,341791885.0,1951033026.0,6204557842.0,19098886815.0,,,,,,,,,,,,,,,341791885.0,
. Đầu tư tài chính dài hạn__1,244355714848.0,213155316940.0,214300712759.0,164639495697.0,128045550748.0,127325208977.0,,,,,,,,,,,,,,,134126741028.0,
. Đầu tư vào công ty con__1,,,,,,,,,,,,,150000000.0,,,,,,,,,
". Đầu tư vào công ty liên kết, liên doanh__1",128012500588.0,97580633907.0,97621371027.0,5842543848.0,6260740000.0,,13249150784.0,20981626801.0,39872083616.0,40162804526.0,7527360001.0,9941537427.0,2924380955.0,2864365545.0,,,,,,,5852970129.0,
. Đầu tư góp vốn vào đơn vị khác__1,123357748457.0,123357748457.0,123357748457.0,164930248457.0,125691049500.0,130687549379.0,,,,,,,,,,,,,,,133768815457.0,
. Dự phòng giảm giá đầu tư dài hạn__1,-7014534197.0,-7783065424.0,-6678406725.0,-6133296608.0,-3906238752.0,-3362340402.0,-19078873726.0,-11063162579.0,-10915701243.0,-11128650887.0,-13283071500.0,-12742908600.0,-8148675315.0,,,,,,,,-5495044558.0,
. Đầu tư nắm giữ đến ngày đáo hạn__1,,,,,,,,,,,,,,,,,,,,,,
. Tài sản dài hạn khác__1,3350099320.0,3774568138.0,3488411859.0,4437358285.0,3018457274.0,18869108367.0,21563732666.0,17735196118.0,8353470313.0,6347570443.0,8493479542.0,1591047714.0,1563208301.0,2713115380.0,,,,,,,2127710080.0,
. Chi phí trả trước dài hạn__1,3066095874.0,3435247419.0,2987786493.0,3450130478.0,1383893584.0,13017776324.0,18400692016.0,15898423070.0,6987922554.0,4835230341.0,1851769752.0,1255812581.0,1563208301.0,2713115380.0,,,,,,,1069560860.0,
. Tài sản thuế thu nhập hoãn lại__1,284003446.0,339320719.0,500625366.0,987227807.0,1634563690.0,1536812043.0,2226830650.0,1836773048.0,1365547759.0,1512340102.0,6641709790.0,335235133.0,,,,,,,,,1058149220.0,
". Thiết bị, vật tư, phụ tùng thay thế dài hạn__1",,,,,,,,,,,,,,,,,,,,,,
. Tài sản dài hạn khác__2,,,,,,,936210000.0,,,,,,,,,,,,,,,
". Ký quỹ, ký cược dài hạn__1",,,,,,,,,,,,,,,,,,,,,,
. Lợi thế thương mại__1,,,,,,4314520000.0,6471780000.0,6471808500.0,8629068500.0,10786328500.0,12943588500.0,15100753500.0,17505726092.0,19693941853.0,,,,,,,,
Tổng cộng tài sản__1,1145326358509.0,1498158003996.0,1413356373192.0,1056460841967.0,1160470410896.0,1140555338303.0,1088202747788.0,964684541717.0,940090107629.0,1140594273908.0,1149990963584.0,689300028661.0,438600717540.0,353873330779.0,,,,,,,1056685176754.0,
I - NỢ PHẢI TRẢ__1,276940734187.0,644865449194.0,589770160871.0,263746604483.0,374383071286.0,417683166475.0,388713047048.0,317217809660.0,265389490062.0,548899082927.0,599109072506.0,495192578541.0,315430155504.0,280739412382.0,,,,,,,263084510399.0,
. Nợ ngắn hạn__1,267967072454.0,635692672512.0,562902909447.0,218697716882.0,282569175776.0,295331195859.0,345776090920.0,307291270921.0,251034927980.0,527044302515.0,573595757160.0,474386915879.0,310907785247.0,280468983927.0,,,,,,,208242400850.0,
.. Phải trả người bán ngắn hạn__1,129412323384.0,282417078702.0,435765322425.0,64403885167.0,133171828774.0,141070622856.0,,,,,,,,,,,,,,,72582173571.0,
.. Người mua trả tiền trước ngắn hạn__1,58079784283.0,240248825171.0,55406209481.0,24898908203.0,19807398197.0,7415154086.0,,,,,,,,,,,,,,,11021227760.0,
..Thuế và các khoản phải nộp Nhà nước__1,4169586751.0,10297574765.0,7939562166.0,7015471378.0,13286570146.0,16151121272.0,12434591049.0,8156787884.0,6068248199.0,21799742739.0,22389638814.0,9995534550.0,2568819362.0,7549955134.0,,,,,,,4473660535.0,
.. Phải trả người lao động__1,8851712561.0,8534665484.0,6761073067.0,10303721314.0,19694335534.0,17271074364.0,9541979248.0,937961366.0,7062846574.0,9400338004.0,8587680506.0,8465976727.0,2166000000.0,277166255.0,,,,,,,5179020792.0,
.. Chi phí phải trả ngắn hạn__1,10393017830.0,5953012165.0,1067458831.0,2557993505.0,6169536781.0,1421608611.0,,,,,,,,,,,,,,,1777410872.0,
.. Phải trả nội bộ ngắn hạn__1,,,,,,,,,,,,,,,,,,,,,,
.. Phải trả theo tiến độ kế hoạch hợp đồng xây dựng__1,,,,,,,,,,,,,,,,,,,,,,
.. Doanh thu chưa thực hiện ngắn hạn__1,1391019396.0,662758335.0,694256833.0,411105000.0,289408000.0,284419200.0,,,,,,,,,,,,,,,290176000.0,
.. Phải trả ngắn hạn khác__1,11843812494.0,19694403077.0,3734698893.0,6744248122.0,3403332921.0,19188213379.0,,,,,,,,,,,,,,,4480236083.0,
.. Vay và nợ thuê tài chính ngắn hạn__1,31385928049.0,63238059999.0,45689365010.0,94417894801.0,76748388917.0,86801726421.0,,,,,,,,,,,,,,,82037310451.0,
.. Dự phòng phải trả ngắn hạn__1,7496580356.0,798275172.0,613885213.0,1615358714.0,2982328639.0,2906473766.0,2830487978.0,8338331154.0,14463718484.0,12789334874.0,9998112404.0,8721355462.0,14449624141.0,11138129330.0,,,,,,,13047974413.0,
". Quỹ khen thưởng, phúc lợi__1",4943307350.0,3848019642.0,5231077528.0,6329130678.0,7016047867.0,2820781904.0,,,,,,,,,,,,,,,13353210373.0,
.. Quỹ bình ổn giá__1,,,,,,,,,,,,,,,,,,,,,,
.. Giao dịch mua bán lại trái phiếu Chính phủ__1,,,,,,,,,,,,,,,,,,,,,,
. Nợ dài hạn__1,8973661733.0,9172776682.0,26867251424.0,45048887601.0,91813895510.0,122351970616.0,42936956128.0,9926538739.0,14354562082.0,21854780412.0,25513315346.0,20805662662.0,4522370257.0,270428455.0,,,,,,,54842109549.0,
.. Phải trả dài hạn người bán__1,,,,,,,,,,,,,,,,,,,,,,
. Người mua trả tiền trước dài hạn__1,,,,,,,,,,,,,,,,,,,,,,
. Chi phí phải trả dài hạn__1,,,,,,,,,,,,,,,,,,,,,,
. Phải trả nội bộ về vốn kinh doanh__1,,,,,,,,,,,,,,,,,,,,,,
. Phải trả dài hạn nội bộ dài hạn__1,,,,,,,,,,,,,,,,,,,,,,
. Doanh thu chưa thực hiện dài hạn__1,,,,,,,,,,,,,,,,,,,,,,
.. Phải trả dài hạn khác__1,2591698900.0,1603790400.0,1528812400.0,,,,,,,,915816306.0,473422306.0,704706868.0,2450000.0,,,,,,,,
. Vay và nợ thuê tài chính dài hạn__1,,5791188423.0,23358025745.0,42685903131.0,65049335834.0,114012260006.0,,,,,,,,,,,,,,,54842109549.0,
. Trái phiếu chuyển đổi__1,,,,,,,,,,,,,,,,,,,,,,
. Thuế thu nhập hoãn lại phải trả__1,,,,,,,,,,,,,,,,,,,,,,
.. Dự phòng phải trả dài hạn__1,6381962833.0,1777797859.0,1980413279.0,2362984470.0,26764559676.0,8339710610.0,4644406991.0,4522565776.0,6008238973.0,11816366586.0,12688688603.0,15359953213.0,3489246430.0,,,,,,,,,
.. Quỹ phát triển khoa học và công nghệ__1,,,,,,,,,,,,,,,,,,,,,,
II - VỐN CHỦ SỞ HỮU__1,868385624322.0,853292554802.0,823586212321.0,792714237484.0,786087339610.0,722872171828.0,681894449316.0,647416949765.0,674642121239.0,591624922591.0,550800912516.0,194080641657.0,123469871086.0,73121681010.0,,,,,,,793600666355.0,
I. Vốn chủ sở hữu__1,868385624322.0,853292554802.0,823586212321.0,792714237484.0,786087339610.0,722872171828.0,,,,,,,,,,,,,,,793600666355.0,
. Vốn góp của chủ sở hữu__1,509282430000.0,509282430000.0,509282430000.0,509282430000.0,465973750000.0,415719980000.0,,,,,,,,,,,,,,,509282430000.0,
- Cổ phiếu phổ thông có quyền biểu quyết__1,509282430000.0,509282430000.0,,,465973750000.0,415719980000.0,,,,,,,,,,,,,,,509282430000.0,
- Cổ phiếu ưu đãi__1,,,,,,,,,,,,,,,,,,,,,,
. Cổ phiếu ưu đãi__1,,,,,,,,,,,,,,,,,,,,,,
. Thặng dư vốn cổ phần__1,86677010000.0,88677010000.0,88677010000.0,88677010000.0,88697010000.0,88712010000.0,,,,,,,,,,,,,,,88677010000.0,
. Quyền chọn chuyển đổi trái phiếu__1,,,,,,,,,,,,,,,,,,,,,,
. Vốn khác của chủ sở hữu__1,,,,,,,,,,,,,,,,,,,,,,
. Cổ phiếu quỹ (*)__1,-1349334820.0,-3349334820.0,-3349334820.0,-3349334820.0,-1353000000.0,-1281500000.0,,,,,,,,,,,,,,,-236900000.0,
. Chênh lệch đánh giá lại tài sản__1,,,,,,,,,,,,,,,,,,,,,,
. Chênh lệch tỷ giá hối đoái__1,,,,,,,,,,,,,,,,,,,,,,
. Quỹ đầu tư phát triển__1,41410255576.0,41410255576.0,41410255576.0,41410255576.0,35775255576.0,33775255576.0,,,,,,,,,,,,,,,37410255576.0,
. Quỹ hỗ trợ sắp xếp doanh nghiệp__1,,,,,,,,,,,,,,,,,,,,,,
. Quỹ khác thuộc vốn chủ sở hữu__1,5200000000.0,5200000000.0,5200000000.0,5200000000.0,5200000000.0,5200000000.0,,,,,,,,,,,,,,,5200000000.0,
. Lợi nhuận sau thuế chưa phân phối__1,213858698235.0,201462354663.0,171152698406.0,141081159183.0,180012576856.0,161900498675.0,,,,,,,,,,,,,,,141234319028.0,
- LNST chưa phân phối lũy kế đến cuối kỳ trước__1,48112229057.0,31802656256.0,29860674215.0,9336661008.0,85273429875.0,88712527976.0,,,,,,,,,,,,,,,44832624172.0,
- LNST chưa phân phối kỳ này__1,165746469178.0,169659698407.0,141292024191.0,131744498175.0,94739146981.0,73187970699.0,,,,,,,,,,,,,,,96401694856.0,
. Nguồn vốn đầu tư XDCB__1,,,,,,,,,,,,,,,,,,,,,,
. Lợi ích cổ đông không kiểm soát__1,13306565331.0,10609839383.0,11213153159.0,10412717545.0,11781747178.0,18845927577.0,,,,,,,,,,,,,,,12033551751.0,
. Phụ trội hợp nhất công ty con__1,,,,,,,,,,,,,,,,,,,,,,
. Nguồn kinh phí và các quỹ khác__1,,,,,,,,,,,,145124807.0,298508657.0,222571442.0,,,,,,,,
.. Nguồn kinh phí__1,,,,,,,,,,,,,,,,,,,,,,
.. Nguồn kinh phí đã hình thành TSCĐ__1,,,,,,,,,,,,,,,,,,,,,,
III - LỢI ÍCH CỦA CỔ ĐÔNG THIỂU SỐ__1,,,,,,,17595251424.0,49782292.0,58496328.0,70268390.0,80978562.0,26808463.0,-299309050.0,12237387.0,,,,,,,,
Tổng cộng nguồn vốn__1,1145326358509.0,1498158003996.0,1413356373192.0,1056460841967.0,1160470410896.0,1140555338303.0,1088202747788.0,964684541717.0,940090107629.0,1140594273908.0,1149990963584.0,689300028661.0,438600717540.0,353873330779.0,,,,,,,1056685176754.0,
.. Đầu tư ngắn hạn__1,,,,,,,22234215740.0,8302715740.0,8420000000.0,22778638845.0,16314852743.0,37265250000.0,370000000.0,490000000.0,,,,,,,,
.. Dự phòng giảm giá đầu tư ngắn hạn__1,,,,,,,-2962671833.0,-2962718757.0,,,,,,,,,,,,,,
.. Giao dịch mua bán lại trái phiếu chính phủ__1,,,,,,,,,,,,,,,,,,,,,,
.. Phải thu dài hạn nội bộ__1,,,,,,,,,,,,,,,,,,,,,,
.. Chi phí xây dựng cơ bản dở dang__1,,,,,,,47220055917.0,34930541368.0,32905803497.0,70641202349.0,63313648264.0,46485639757.0,1658532694.0,1916223820.0,,,,,,,,
. Các khoản đầu tư tài chính dài hạn__1,,,,,,,138574259059.0,150061250359.0,149193397613.0,110365661726.0,102335507501.0,53009897827.0,17848984640.0,25682614545.0,,,,,,,,
. Đầu tư dài hạn khác__1,,,,,,,144403982001.0,140142786137.0,120237015240.0,81331508087.0,108091219000.0,55811269000.0,22923279000.0,22818249000.0,,,,,,,,
.. Vay và nợ ngắn hạn__1,,,,,,,74094827699.0,81591738221.0,1682745000.0,54577296818.0,52507853400.0,49886928006.0,37690692917.0,67803707687.0,,,,,,,,
.. Phải trả người bán__1,,,,,,,181699236511.0,179353594169.0,193840222356.0,395896287527.0,443865723862.0,303818523856.0,199480111302.0,169373119662.0,,,,,,,,
.. Người mua trả tiền trước__1,,,,,,,31025834445.0,5473419596.0,4886537325.0,6666987787.0,24046736541.0,14322192861.0,52066914662.0,21193412897.0,,,,,,,,
.. Chi phí phải trả__1,,,,,,,2543855785.0,1823038890.0,1582310667.0,604568140.0,785426277.0,200019729.0,166938181.0,56200000.0,,,,,,,,
.. Phải trả nội bộ__1,,,,,,,,,,,,,,,,,,,,,,
".. Các khoản phải trả, phải nộp ngắn hạn khác__1",,,,,,,28899742028.0,17661561164.0,17727978201.0,23450380076.0,10983886650.0,78976384688.0,2318684682.0,3077292962.0,,,,,,,,
.. Quỹ khen thưởng phúc lợi__1,,,,,,,2705536177.0,,,,430698706.0,,,222571442.0,,,,,,,,
.. Giao dịch mua bán lại trái phiếu chính phủ__2,,,,,,,,,,,,,,,,,,,,,,
.. Doanh thu chưa thực hiện__1,,,,,,,,,,,,,,,,,,,,,,
. Quỹ thưởng ban quản lý điều hành công ty__1,,,,,,,,,,,,,,,,,,,,,,
.. Phải trả dài hạn nội bộ__1,,,,,,,,,,,,,,,,,,,,,,
.. Vay và nợ dài hạn__1,,,,,,,33290524217.0,,,,2988400000.0,4616387000.0,230000000.0,230000000.0,,,,,,,,
.. Thuế thu nhập hoãn lại phải trả__1,,,,,,,,,,,,,,,,,,,,,,
.. Dự phòng trợ cấp mất việc làm__1,,,,,,,,,,985031631.0,646347985.0,355900143.0,98416959.0,37978455.0,,,,,,,,
.. Doanh thu chưa thực hiện__2,,,,,,,5002024920.0,2809823993.0,705079074.0,853382195.0,74062452.0,,,,,,,,,,,
.. Quỹ phát triển khoa học công nghệ__1,,,,,,,,2594148970.0,7641244035.0,8200000000.0,8200000000.0,,,,,,,,,,,
. Vốn chủ sở hữu__1,,,,,,,681894449316.0,647416949765.0,674642121239.0,591624922591.0,550800912516.0,193935516850.0,123171362429.0,72899109568.0,,,,,,,,
.. Vốn đầu tư của chủ sở hữu__1,,,,,,,379399090000.0,373399090000.0,366249090000.0,293000000000.0,293000000000.0,122700000000.0,90324800000.0,51609380000.0,,,,,,,,
.. Thặng dư vốn cổ phần__1,,,,,,,118432900000.0,117832900000.0,117832900000.0,117832900000.0,117856900000.0,10500000000.0,10500000000.0,869550000.0,,,,,,,,
.. Vốn khác của chủ sở hữu__1,,,,,,,15517195346.0,,,,1000000000.0,,,,,,,,,,,
.. Cổ phiếu quỹ (*)__1,,,,,,,-71500000.0,,,,,,,,,,,,,,,
.. Chênh lệch đánh giá lại tài sản__1,,,,,,,,,,,,,,,,,,,,,,
.. Chênh lệch tỷ giá hối đoái__1,,,,,,,,,,692781963.0,780548600.0,-792970428.0,,,,,,,,,,
.. Quỹ đầu tư phát triển__1,,,,,,,20584145194.0,19084145194.0,16784145194.0,14384145194.0,7011450000.0,2511450000.0,2511450000.0,2511450000.0,,,,,,,,
.. Quỹ dự phòng tài chính__1,,,,,,,,14017195346.0,10517195346.0,7017195346.0,1751600000.0,351600000.0,351600000.0,351600000.0,,,,,,,,
.. Quỹ khác thuộc vốn chủ sở hữu__1,,,,,,,5200000000.0,5200000000.0,3000000000.0,1000000000.0,,,,,,,,,,,,
.. Lợi nhuận sau thuế chưa phân phối__1,,,,,,,142832618776.0,117883619225.0,160258790699.0,157697900088.0,129400413916.0,58665437278.0,19483512429.0,17557129568.0,,,,,,,,
.. Nguồn vốn đầu tư XDCB__1,,,,,,,,,,,,,,,,,,,,,,
.. Quỹ hỗ trợ sắp xếp doanh nghiệp__1,,,,,,,,,,,,,,,,,,,,,,
.. Quỹ dự trữ vốn điều lệ__1,,,,,,,,,,,,,,,,,,,,,,
.. Quỹ khen thưởng phúc lợi__2,,,,,,,,,,,,145124807.0,298508657.0,,,,,,,,,
I. LƯU CHUYỂN TIỀN TỪ HOẠT ĐỘNG KINH DOANH__1,,,,,,,,,,,,,,,,,,,,,,
Lợi nhuận (lỗ) trước thuế__1,58794316491.0,40257374741.0,39083062116.0,7597549855.0,,,,,,,184689030825.0,95113056481.0,38723721622.0,26596456391.0,,,,,,,56833355910.0,
Điều chỉnh cho các khoản:__1,,,,,,,,,,,,,,,,,,,,,,
Khấu hao tài sản cố định__1,7394161230.0,11565776797.0,24384715542.0,26338700645.0,,,,,,,4693378362.0,7632199934.0,6825152838.0,2110578778.0,,,,,,,23488348571.0,
Các khoản dự phòng__1,5930910654.0,14720101366.0,-246175070.0,-10346562384.0,,,,,,,-1099520790.0,-7982410315.0,7979160555.0,1502387999.0,,,,,,,-17028598865.0,
"Lãi, lỗ từ đầu tư vào công ty liên kết__1",,,,,,,,,,,,,,,,,,,,,,
(Lãi) lỗ chênh lệch tỷ giá hối đoái chưa thực hiện__1,597477956.0,-713749655.0,71765846.0,,,,,,,,15390844752.0,12275047121.0,6807482691.0,50320697.0,,,,,,,124564970.0,
(Lãi)/lỗ từ hoạt động đầu tư/thanh lý tài sản cố định__1,-9917718018.0,-11010961707.0,-6695764293.0,-9672013085.0,,,,,,,-7829301302.0,-3991740590.0,-3063723840.0,14877501.0,,,,,,,-10567831481.0,
Chi phí lãi vay__1,3676728124.0,4552577118.0,2360730075.0,2015393325.0,,,,,,,5698990590.0,3619254338.0,2981428559.0,3555990430.0,,,,,,,1815083267.0,
Các khoản giảm trừ khác__1,,95190000.0,,,,,,,,,,,,,,,,,,,,
Thu nhập từ lãi tiền gửi__1,,,,,,,,,,,,,,,,,,,,,,
Phân bổ lợi thế thương mại__1,,,,,,,,,,,,,,,,,,,,,,
Lãi lỗ thanh lý tài sản cố định__1,,,,,,,,,,,,,,,,,,,,,,
Lợi nhuận (lỗ) từ hoạt động kinh doanh trước thay đổi vốn lưu động__1,66475876437.0,59466308660.0,58958334216.0,20069204419.0,,,,,,,201543422437.0,106665406969.0,60253222425.0,33830611796.0,,,,,,,54664922372.0,
(Tăng) giảm các khoản phải thu__1,69834693785.0,177023996026.0,-355083570020.0,-52318368189.0,,,,,,,-248004962305.0,-288411931607.0,6852972827.0,-106086049980.0,,,,,,,220641658859.0,
"Tăng, giảm chứng khoán tự doanh__1",67295740.0,4190000000.0,-2360730075.0,-14190000000.0,,,,,,,,,,,,,,,,,4346920000.0,
(Tăng) giảm hàng tồn kho__1,91972961992.0,-11484016703.0,-54148483715.0,30874022691.0,,,,,,,-25567589999.0,121259126750.0,-54803196058.0,-87444332410.0,,,,,,,-69088090801.0,
"Tăng/(giảm) các khoản phải trả (không bao gồm lãi vay, thuế thu nhập doanh nghiệp phải trả)__1",-309454076562.0,51499195403.0,386919804028.0,14105480559.0,,,,,,,86022434617.0,171881278078.0,67243809770.0,163092177818.0,,,,,,,-98358343256.0,
(Tăng) giảm chi phí trả trước__1,473523579.0,-723323583.0,916750543.0,-2550234168.0,,,,,,,2995438791.0,-3473605150.0,1152896480.0,1075724221.0,,,,,,,309135387.0,
Tiền lãi vay đã trả__1,-3676728124.0,-1484811581.0,-2263958644.0,-5032550159.0,,,,,,,-5651415027.0,-3619254338.0,-2981428559.0,-3555990430.0,,,,,,,-1804479178.0,
Thuế thu nhập doanh nghiệp đã nộp__1,-12606409301.0,-10919242635.0,41716926183.0,-10984179695.0,,,,,,,-7286346425.0,-1845500324.0,-3426234721.0,-583202254.0,,,,,,,-11068808919.0,
Tiền thu khác từ hoạt động kinh doanh__1,,1392000.0,,-22042017867.0,,,,,,,181371507120.0,9650415027.0,688201777.0,16171862634.0,,,,,,,,
Tiền chi khác cho hoạt động kinh doanh__1,-464712292.0,-2876057886.0,,,,,,,,,-217289517489.0,-10157753566.0,-14534582071.0,-52436722525.0,,,,,,,-3162837494.0,
Tăng tài sản ngắn hạn khác__1,,,,,,,,,,,,,,,,,,,,,,
Chênh lệch tỷ giá trong giai đoạn đầu tư__1,,,,,,,,,,,,,,,,,,,,,,
Lưu chuyển tiền thuần từ hoạt động kinh doanh__1,-97377574746.0,264693439701.0,,,,,,,,,-31867028280.0,101948181839.0,60445661870.0,-35935921130.0,,,,,,,96480076970.0,
II. LƯU CHUYỂN TIỀN TỪ HOẠT ĐỘNG ĐẦU TƯ__1,,,,,,,,,,,-26474438352.0,-120837858823.0,-13708054407.0,,,,,,,,,
"Tiền chi để mua sắm, xây dựng tài sản cố định__1",-4010624545.0,-921402726.0,-15149154659.0,-7927886612.0,,,,,,,-24168642082.0,-29621399372.0,-7623770582.0,-5530018180.0,,,,,,,-5956640000.0,
"Tiền thu do thanh lý, nhượng bán TSCĐ và các tài sản dài hạn khác__1",19045909091.0,645454545.0,1887764131.0,2556200000.0,,,,,,,178353760.0,,,,,,,,,,1600000000.0,
"Tiền chi cho vay, mua các công cụ nợ của đơn vị khác__1",-14370487699.0,-17745582125.0,-11732000000.0,-48850000000.0,,,,,,,-82061602743.0,-198841562585.0,-94800000000.0,-1055500000.0,,,,,,,-51632000000.0,
"Tiền thu hồi cho vay, bán lại công cụ nợ của đơn vị khác__1",22530000000.0,6700000000.0,32185000000.0,54161650000.0,,,,,,,103012000000.0,106567541355.0,86000000000.0,,,,,,,,37770350000.0,
Tiền chi đầu tư góp vốn vào đơn vị khác__1,-13861044000.0,-50072338838.0,-50072338838.0,-33080906719.0,,,,,,,-52354950000.0,-8056977638.0,-607616980.0,-12205000000.0,,,,,,,-2215000000.0,
Tiền thu do bán các khoản đầu tư góp vốn vào đơn vị khác__1,,,-36589316841.0,-25548340301.0,,,,,,,75000000.0,6070000000.0,510000000.0,,,,,,,,8530497600.0,
"Tiền thu lãi cho vay, cổ tức và lợi nhuận được chia__1",5977809836.0,8607227166.0,,,,,,,,,28845402713.0,3044539417.0,2813333155.0,283972715.0,,,,,,,6597811719.0,
Tiền đầu tư xây dựng nhà xưởng__1,,,,,,,,,,,,,,,,,,,,,,
. Tăng lợi ích của cổ đông thiếu số khi hợp nhất công ty con__1,,,,,,,,,,,,,,,,,,,,,,
. Loại trừ lợi ích của cổ đông thiểu số khi thanh lý công ty con__1,,,,,,,,,,,,,,,,,,,,,,
. Tiền mặt tại công ty con mua trong năm__1,,,,,,,,,,,,,,,,,,,,,,
. Tiền thu do nhượng bán các khoản đầu tư vào công ty con__1,,,,,,,,,,,,,,,,,,,,,,
. Tiền chi gửi ngắn hạn__1,,,,,,,,,,,,,,,,,,,,,,
. Tiền thu lãi từ gửi ngắn hạn__1,,,,,,,,,,,,,,,,,,,,,,
. Tiền chi mua tài sản khác__1,,,,,,,,,,,,,,,,,,,,,,
. Giảm tiền gửi ngân hàng có kỳ hạn__1,,,,,,,,,,,,,,,,,,,,,,
. Tiền chi để mua thêm cổ phần của công ty con__1,,,,,,,,,,,,,,,,,,,,,,
". Tiền thu từ các khoản ký gửi, ký quỹ dài hạn__1",,,,,,,,,,,,,,,,,,,,,,
. Tiền gửi ngắn hạn__1,,,,,,,,,,,,,,,,,,,,,,
. Rút tiền gửi ngắn hạn__1,,,,,,,,,,,,,,,,,,,,,,
. Tiền thu từ chuyển quyền góp vốn vào dự án__1,,,,,,,,,,,,,,,,,,,,,,
Lưu chuyển tiền thuần từ hoạt động đầu tư__1,15311562683.0,-2714303140.0,,,,,,,,,-26474438352.0,-120837858823.0,-13708054407.0,-18506545465.0,,,,,,,-5304980681.0,
III. LƯU CHUYỂN TIỀN TỪ HOẠT ĐỘNG TÀI CHÍNH__1,,,,,,,,,,,,,,,,,,,,,,
"Tiền thu từ phát hành cổ phiếu, nhận góp vốn của chủ sở hữu__1",500000000.0,,506666667.0,2493333333.0,,,,,,,247871840000.0,32375200000.0,48705870000.0,6489130000.0,,,,,,,9980000000.0,
"Tiền chi trả vốn góp cho các chủ sở hữu, mua lại cổ phiếu của doanh nghiệp của doanh nghiệp đã phát hành__1",,,,-3112434820.0,,,,,,,,,,,,,,,,,-48900000.0,
Tiền thu từ nhận góp vốn liên doanh__1,,,,,,,,,,,,,,,,,,,,,,
"Tiền vay ngắn hạn, dài hạn nhận được__1",217949786751.0,81284952023.0,92441055465.0,127543403001.0,,,,,,,172398118714.0,124760892506.0,78672542283.0,124302788634.0,,,,,,,182880016729.0,
Tiền chi trả nợ gốc vay__1,-255593107124.0,-81303094356.0,-160497462642.0,-127319025069.0,,,,,,,-171405180320.0,-108178270417.0,-108785557053.0,-70251191697.0,,,,,,,-196233571786.0,
Tiền chi trả nợ thuê tài chính__1,,,,,,,,,,,,,,,,,,,,,,
Tiền chi cho đầu tư ngắn hạn__1,,,,,,,,,,,,,,,,,,,,,,
"Cổ tức, lợi nhuận đã trả cho chủ sở hữu__1",-30324000210.0,,,,,,,,,,-51141520695.0,-29000423100.0,-32096275100.0,-4125000300.0,,,,,,,-36960976670.0,
"Cổ tức, lợi nhuận đã trả cho cổ đông thiểu số__1",,,,,,,,,,,,,,,,,,,,,,
Nhận vốn góp của cổ đông thiểu số__1,,,,,,,,,,,,,,,,,,,,,,
Chi khác từ lợi nhuận chưa phân phối__1,,,,,,,,,,,,,,,,,,,,,,
Tiền thu từ lãi tiền gửi__1,,,,,,,,,,,,,,,,,,,,,,
Lưu chuyển tiền thuần từ/(sử dụng vào) hoạt động tài chính__1,-67467320583.0,-18142333.0,,,,,,,,,197723257699.0,19957398989.0,-13503419870.0,56415726637.0,,,,,,,-40383431727.0,
Lưu chuyển tiền thuần trong năm__1,-149533332645.0,261960994228.0,-62422131168.0,-47985081723.0,,,,,,,139381791067.0,1067722005.0,33234187593.0,1973260042.0,,,,,,,50791664562.0,
Tiền và tương đương tiền đầu năm__1,305194698884.0,43233704656.0,105654744462.0,153707069113.0,,,,,,,37960063573.0,36950509855.0,3653530353.0,1680270311.0,,,,,,,102917130476.0,
Ảnh hưởng của thay đổi tỷ giá hối đoái quy đổi ngoại tệ__1,-1006744645.0,,1091362.0,-67242928.0,,,,,,,189122974.0,-58168287.0,62791909.0,,,,,,,,-1725925.0,
Chênh lệch tỷ giá chuyển đối báo cáo tài chính__1,,,,,,,,,,,,,,,,,,,,,,
Tiền và tương đương tiền cuối năm__1,154654621594.0,305194698884.0,43233704656.0,105654744462.0,,,,,,,177530977614.0,37960063573.0,36950509855.0,3653530353.0,,,,,,,153707069113.0,
I. Lưu chuyển tiền từ hoạt động kinh doanh__1,,,,,,,,,,,,,,,,,,,,,,
". Tiền thu từ bán hàng, cung cấp dịch vụ và doanh thu khác__1",,,,,1320230942066.0,648984488559.0,295320604967.0,396234405431.0,395169814576.0,886493799653.0,,,,,,,,,,,,
. Tiền chi trả cho người cung cấp hàng hóa và dịch vụ__1,,,,,-983878471377.0,-540365746768.0,-221087473669.0,-406259516844.0,-469035830723.0,-467723803548.0,,,,,,,,,,,,
. Tiền chi trả cho người lao động__1,,,,,-82324736401.0,-72029476988.0,-62098934769.0,-61847032742.0,-62928890026.0,-48649467183.0,,,,,,,,,,,,
. Tiền chi trả lãi vay__1,,,,,-10925310358.0,-4094539049.0,-6295127904.0,-3282769877.0,-525915707.0,-4306317029.0,,,,,,,,,,,,
. Tiền chi nộp thuế thu nhập doanh nghiệp__1,,,,,-24327333140.0,-9914308638.0,-2948950727.0,-3713064527.0,-21810208739.0,-4038314170.0,,,,,,,,,,,,
. Tiền thu khác từ hoạt động kinh doanh__1,,,,,20313807586.0,55547018543.0,32728526701.0,9569863587.0,121511833284.0,54823620407.0,,,,,,,,,,,,
. Tiền chi khác cho hoạt động kinh doanh__1,,,,,-111150998003.0,-94934550601.0,-47744334332.0,-37116670065.0,-65690120170.0,-87674790843.0,,,,,,,,,,,,
Lưu chuyển tiền thuần từ hoạt động kinh doanh__1,,,,,127937900373.0,-16807114942.0,-12125689733.0,-106414785037.0,-103309317505.0,328924727287.0,,,,,,,,,,,,
II. LƯU CHUYỂN TIỀN TỪ HOẠT ĐỘNG ĐẦU TƯ__1,,,,,,,,,,,,,,,,,,,,,,
"Tiền chi để mua sắm, xây dựng tài sản cố định__1",,,,,-16117872952.0,-42941975804.0,-67487591191.0,-44210589967.0,-41605038220.0,-27459426555.0,,,,,,,,,,,,
"Tiền thu do thanh lý, nhượng bán TSCĐ và các tài sản dài hạn khác__1",,,,,541868342.0,92727273.0,2476276273.0,1294717509.0,5560000.0,800000.0,,,,,,,,,,,,
"Tiền chi cho vay, mua các công cụ nợ của đơn vị khác__1",,,,,-25230000000.0,-6750000000.0,-21130000000.0,-1750000000.0,-2300000000.0,-20540000000.0,,,,,,,,,,,,
"Tiền thu hồi cho vay, bán lại công cụ nợ của đơn vị khác__1",,,,,19513700000.0,12789871507.0,7438500000.0,13510000000.0,3420000000.0,14280000000.0,,,,,,,,,,,,
Tiền chi đầu tư góp vốn vào đơn vị khác__1,,,,,,-12045000000.0,-19552300000.0,-32687464230.0,-29049179500.0,-9917500000.0,,,,,,,,,,,,
Tiền thu do bán các khoản đầu tư góp vốn vào đơn vị khác__1,,,,,3900016491.0,11240722783.0,14234404136.0,10558376417.0,558300000.0,5756100000.0,,,,,,,,,,,,
"Tiền thu lãi cho vay, cổ tức và lợi nhuận được chia__1",,,,,2716807734.0,4541689494.0,20138112042.0,47885413846.0,26984872517.0,19105424286.0,,,,,,,,,,,,
Tiền đầu tư xây dựng nhà xưởng__1,,,,,,,,,,,,,,,,,,,,,,
. Tăng lợi ích của cổ đông thiếu số khi hợp nhất công ty con__1,,,,,,,,,,,,,,,,,,,,,,
. Loại trừ lợi ích của cổ đông thiểu số khi thanh lý công ty con__1,,,,,,,,,,,,,,,,,,,,,,
. Tiền mặt tại công ty con mua trong năm__1,,,,,,,,,,,,,,,,,,,,,,
. Tiền thu do nhượng bán các khoản đầu tư vào công ty con__1,,,,,,,,,,,,,,,,,,,,,,
. Tiền chi gửi ngắn hạn__1,,,,,,,,,,,,,,,,,,,,,,
. Tiền thu lãi từ gửi ngắn hạn__1,,,,,,,,,,,,,,,,,,,,,,
. Tiền chi mua tài sản khác__1,,,,,,,,,,,,,,,,,,,,,,
. Giảm tiền gửi ngân hàng có kỳ hạn__1,,,,,,,,,,,,,,,,,,,,,,
. Tiền chi để mua thêm cổ phần của công ty con__1,,,,,,,,,,,,,,,,,,,,,,
". Tiền thu từ các khoản ký gửi, ký quỹ dài hạn__1",,,,,,,,,,,,,,,,,,,,,,
. Tiền gửi ngắn hạn__1,,,,,,,,,,,,,,,,,,,,,,
. Rút tiền gửi ngắn hạn__1,,,,,,,,,,,,,,,,,,,,,,
. Tiền thu từ chuyển quyền góp vốn vào dự án__1,,,,,,,,,,,,,,,,,,,,,,
Lưu chuyển tiền thuần từ hoạt động đầu tư__1,,,,,-14675480385.0,-33071964747.0,-63882598740.0,-5399546425.0,-41985485203.0,-18774602269.0,,,,,,,,,,,,
III. LƯU CHUYỂN TIỀN TỪ HOẠT ĐỘNG TÀI CHÍNH__1,,,,,,,,,,,,,,,,,,,,,,
"Tiền thu từ phát hành cổ phiếu, nhận góp vốn của chủ sở hữu__1",,,,,7985000000.0,23901000000.0,31817000000.0,7150000000.0,,,,,,,,,,,,,,
"Tiền chi trả vốn góp cho các chủ sở hữu, mua lại cổ phiếu của doanh nghiệp của doanh nghiệp đã phát hành__1",,,,,-71500000.0,-1210000000.0,-71500000.0,,,,,,,,,,,,,,,
Tiền thu từ nhận góp vốn liên doanh__1,,,,,,,,,,,,,,,,,,,,,,
"Tiền vay ngắn hạn, dài hạn nhận được__1",,,,,522259718704.0,221663611807.0,154439516646.0,107177127587.0,26714743497.0,157207333238.0,,,,,,,,,,,,
Tiền chi trả nợ gốc vay__1,,,,,-584249206340.0,-134126683114.0,-128895509858.0,-27249259566.0,-79609295315.0,-159967388560.0,,,,,,,,,,,,
Tiền chi trả nợ thuê tài chính__1,,,,,,,,,,,,,,,,,,,,,,
Tiền chi cho đầu tư ngắn hạn__1,,,,,,,,,,,,,,,,,,,,,,
"Cổ tức, lợi nhuận đã trả cho chủ sở hữu__1",,,,,-27445460640.0,-43993564275.0,-29329579922.0,-64345400506.0,-29866102420.0,-66416447905.0,,,,,,,,,,,,
"Cổ tức, lợi nhuận đã trả cho cổ đông thiểu số__1",,,,,,,,,,,,,,,,,,,,,,
Nhận vốn góp của cổ đông thiểu số__1,,,,,,,,,,,,,,,,,,,,,,
Chi khác từ lợi nhuận chưa phân phối__1,,,,,,,,,,,,,,,,,,,,,,
Tiền thu từ lãi tiền gửi__1,,,,,,,,,,,,,,,,,,,,,,
Lưu chuyển tiền thuần từ/(sử dụng vào) hoạt động tài chính__1,,,,,-81521448276.0,66234364418.0,27959926866.0,22732467515.0,-82760654238.0,-69176503227.0,,,,,,,,,,,,
Lưu chuyển tiền thuần trong năm__1,,,,,31740971712.0,16355284729.0,-48048361607.0,-89081863947.0,-228055456946.0,240973621791.0,,,,,,,,,,,,
Tiền và tương đương tiền đầu năm__1,,,,,70756440806.0,54385152551.0,102431720910.0,190601931601.0,418681115349.0,177530977614.0,,,,,,,,,,,,
Ảnh hưởng của thay đổi tỷ giá hối đoái quy đổi ngoại tệ__1,,,,,419717958.0,16003526.0,1793248.0,593561623.0,-23726802.0,176515944.0,,,,,,,,,,,,
Chênh lệch tỷ giá chuyển đối báo cáo tài chính__1,,,,,,,,,,,,,,,,,,,,,,
Tiền và tương đương tiền cuối năm__1,,,,,102917130476.0,70756440806.0,54385152551.0,102113629277.0,190601931601.0,418681115349.0,,,,,,,,,,,,
